"Lat","Lon","Year","Month","Decimal.year","Age.months","SST_ERA5"
"24 N","66 E",1854,1,1854,1152,23.77
"24 N","66 E",1854,2,1854.08333333333,1151,23.79
"24 N","66 E",1854,3,1854.16666666667,1150,25.55
"24 N","66 E",1854,4,1854.25,1149,27.49
"24 N","66 E",1854,5,1854.33333333333,1148,29.26
"24 N","66 E",1854,6,1854.41666666667,1147,30.2
"24 N","66 E",1854,7,1854.5,1146,28.53
"24 N","66 E",1854,8,1854.58333333333,1145,27.23
"24 N","66 E",1854,9,1854.66666666667,1144,27.55
"24 N","66 E",1854,10,1854.75,1143,28.04
"24 N","66 E",1854,11,1854.83333333333,1142,26.49
"24 N","66 E",1854,12,1854.91666666667,1141,25.5
"24 N","66 E",1855,1,1855,1140,24.24
"24 N","66 E",1855,2,1855.08333333333,1139,23.91
"24 N","66 E",1855,3,1855.16666666667,1138,24.19
"24 N","66 E",1855,4,1855.25,1137,26.1
"24 N","66 E",1855,5,1855.33333333333,1136,26.24
"24 N","66 E",1855,6,1855.41666666667,1135,28.79
"24 N","66 E",1855,7,1855.5,1134,28.27
"24 N","66 E",1855,8,1855.58333333333,1133,27.69
"24 N","66 E",1855,9,1855.66666666667,1132,27.73
"24 N","66 E",1855,10,1855.75,1131,28.46
"24 N","66 E",1855,11,1855.83333333333,1130,27.39
"24 N","66 E",1855,12,1855.91666666667,1129,25.4
"24 N","66 E",1856,1,1856,1128,23.87
"24 N","66 E",1856,2,1856.08333333333,1127,24.05
"24 N","66 E",1856,3,1856.16666666667,1126,25.29
"24 N","66 E",1856,4,1856.25,1125,27.14
"24 N","66 E",1856,5,1856.33333333333,1124,29.04
"24 N","66 E",1856,6,1856.41666666667,1123,29.5
"24 N","66 E",1856,7,1856.5,1122,28.51
"24 N","66 E",1856,8,1856.58333333333,1121,28.05
"24 N","66 E",1856,9,1856.66666666667,1120,26.34
"24 N","66 E",1856,10,1856.75,1119,26.59
"24 N","66 E",1856,11,1856.83333333333,1118,26.33
"24 N","66 E",1856,12,1856.91666666667,1117,25.15
"24 N","66 E",1857,1,1857,1116,23.52
"24 N","66 E",1857,2,1857.08333333333,1115,22.88
"24 N","66 E",1857,3,1857.16666666667,1114,24.29
"24 N","66 E",1857,4,1857.25,1113,26.54
"24 N","66 E",1857,5,1857.33333333333,1112,27.81
"24 N","66 E",1857,6,1857.41666666667,1111,28.45
"24 N","66 E",1857,7,1857.5,1110,27.87
"24 N","66 E",1857,8,1857.58333333333,1109,26.55
"24 N","66 E",1857,9,1857.66666666667,1108,26.83
"24 N","66 E",1857,10,1857.75,1107,28.13
"24 N","66 E",1857,11,1857.83333333333,1106,27.1
"24 N","66 E",1857,12,1857.91666666667,1105,24.76
"24 N","66 E",1858,1,1858,1104,23.44
"24 N","66 E",1858,2,1858.08333333333,1103,24.43
"24 N","66 E",1858,3,1858.16666666667,1102,27.13
"24 N","66 E",1858,4,1858.25,1101,29.06
"24 N","66 E",1858,5,1858.33333333333,1100,28.97
"24 N","66 E",1858,6,1858.41666666667,1099,29.62
"24 N","66 E",1858,7,1858.5,1098,29.46
"24 N","66 E",1858,8,1858.58333333333,1097,28.39
"24 N","66 E",1858,9,1858.66666666667,1096,27.48
"24 N","66 E",1858,10,1858.75,1095,29.58
"24 N","66 E",1858,11,1858.83333333333,1094,26.99
"24 N","66 E",1858,12,1858.91666666667,1093,25.3
"24 N","66 E",1859,1,1859,1092,23.26
"24 N","66 E",1859,2,1859.08333333333,1091,23.12
"24 N","66 E",1859,3,1859.16666666667,1090,23.85
"24 N","66 E",1859,4,1859.25,1089,25.74
"24 N","66 E",1859,5,1859.33333333333,1088,28.02
"24 N","66 E",1859,6,1859.41666666667,1087,29.67
"24 N","66 E",1859,7,1859.5,1086,28.87
"24 N","66 E",1859,8,1859.58333333333,1085,27.58
"24 N","66 E",1859,9,1859.66666666667,1084,27.7
"24 N","66 E",1859,10,1859.75,1083,27.93
"24 N","66 E",1859,11,1859.83333333333,1082,27.05
"24 N","66 E",1859,12,1859.91666666667,1081,25.08
"24 N","66 E",1860,1,1860,1080,23.45
"24 N","66 E",1860,2,1860.08333333333,1079,22.65
"24 N","66 E",1860,3,1860.16666666667,1078,24.14
"24 N","66 E",1860,4,1860.25,1077,26.33
"24 N","66 E",1860,5,1860.33333333333,1076,28.32
"24 N","66 E",1860,6,1860.41666666667,1075,29.47
"24 N","66 E",1860,7,1860.5,1074,28.77
"24 N","66 E",1860,8,1860.58333333333,1073,27.92
"24 N","66 E",1860,9,1860.66666666667,1072,27.59
"24 N","66 E",1860,10,1860.75,1071,28.03
"24 N","66 E",1860,11,1860.83333333333,1070,26.44
"24 N","66 E",1860,12,1860.91666666667,1069,24.91
"24 N","66 E",1861,1,1861,1068,23.73
"24 N","66 E",1861,2,1861.08333333333,1067,23.55
"24 N","66 E",1861,3,1861.16666666667,1066,25.08
"24 N","66 E",1861,4,1861.25,1065,27.25
"24 N","66 E",1861,5,1861.33333333333,1064,28.22
"24 N","66 E",1861,6,1861.41666666667,1063,29.38
"24 N","66 E",1861,7,1861.5,1062,28.67
"24 N","66 E",1861,8,1861.58333333333,1061,27.8
"24 N","66 E",1861,9,1861.66666666667,1060,28.12
"24 N","66 E",1861,10,1861.75,1059,28.25
"24 N","66 E",1861,11,1861.83333333333,1058,27.14
"24 N","66 E",1861,12,1861.91666666667,1057,25.22
"24 N","66 E",1862,1,1862,1056,23.74
"24 N","66 E",1862,2,1862.08333333333,1055,23.09
"24 N","66 E",1862,3,1862.16666666667,1054,24.26
"24 N","66 E",1862,4,1862.25,1053,26.07
"24 N","66 E",1862,5,1862.33333333333,1052,28.26
"24 N","66 E",1862,6,1862.41666666667,1051,29.72
"24 N","66 E",1862,7,1862.5,1050,29.03
"24 N","66 E",1862,8,1862.58333333333,1049,27.89
"24 N","66 E",1862,9,1862.66666666667,1048,27.79
"24 N","66 E",1862,10,1862.75,1047,27.97
"24 N","66 E",1862,11,1862.83333333333,1046,27.25
"24 N","66 E",1862,12,1862.91666666667,1045,25.9
"24 N","66 E",1863,1,1863,1044,24.27
"24 N","66 E",1863,2,1863.08333333333,1043,23.97
"24 N","66 E",1863,3,1863.16666666667,1042,24.94
"24 N","66 E",1863,4,1863.25,1041,26.91
"24 N","66 E",1863,5,1863.33333333333,1040,29.25
"24 N","66 E",1863,6,1863.41666666667,1039,29.76
"24 N","66 E",1863,7,1863.5,1038,28.61
"24 N","66 E",1863,8,1863.58333333333,1037,28.21
"24 N","66 E",1863,9,1863.66666666667,1036,28.25
"24 N","66 E",1863,10,1863.75,1035,28.69
"24 N","66 E",1863,11,1863.83333333333,1034,27.34
"24 N","66 E",1863,12,1863.91666666667,1033,26.37
"24 N","66 E",1864,1,1864,1032,24.98
"24 N","66 E",1864,2,1864.08333333333,1031,24.64
"24 N","66 E",1864,3,1864.16666666667,1030,24.79
"24 N","66 E",1864,4,1864.25,1029,26.52
"24 N","66 E",1864,5,1864.33333333333,1028,28.95
"24 N","66 E",1864,6,1864.41666666667,1027,29.56
"24 N","66 E",1864,7,1864.5,1026,29.05
"24 N","66 E",1864,8,1864.58333333333,1025,28.06
"24 N","66 E",1864,9,1864.66666666667,1024,27.93
"24 N","66 E",1864,10,1864.75,1023,28.22
"24 N","66 E",1864,11,1864.83333333333,1022,27.16
"24 N","66 E",1864,12,1864.91666666667,1021,25.59
"24 N","66 E",1865,1,1865,1020,24.38
"24 N","66 E",1865,2,1865.08333333333,1019,23.77
"24 N","66 E",1865,3,1865.16666666667,1018,25.03
"24 N","66 E",1865,4,1865.25,1017,26.45
"24 N","66 E",1865,5,1865.33333333333,1016,28.27
"24 N","66 E",1865,6,1865.41666666667,1015,29.14
"24 N","66 E",1865,7,1865.5,1014,28.58
"24 N","66 E",1865,8,1865.58333333333,1013,27.83
"24 N","66 E",1865,9,1865.66666666667,1012,27.49
"24 N","66 E",1865,10,1865.75,1011,27.11
"24 N","66 E",1865,11,1865.83333333333,1010,26.18
"24 N","66 E",1865,12,1865.91666666667,1009,24.99
"24 N","66 E",1866,1,1866,1008,24.18
"24 N","66 E",1866,2,1866.08333333333,1007,24.97
"24 N","66 E",1866,3,1866.16666666667,1006,27.04
"24 N","66 E",1866,4,1866.25,1005,29.75
"24 N","66 E",1866,5,1866.33333333333,1004,30
"24 N","66 E",1866,6,1866.41666666667,1003,30.2
"24 N","66 E",1866,7,1866.5,1002,29.45
"24 N","66 E",1866,8,1866.58333333333,1001,27.79
"24 N","66 E",1866,9,1866.66666666667,1000,27.74
"24 N","66 E",1866,10,1866.75,999,28.15
"24 N","66 E",1866,11,1866.83333333333,998,27.02
"24 N","66 E",1866,12,1866.91666666667,997,25.46
"24 N","66 E",1867,1,1867,996,24.85
"24 N","66 E",1867,2,1867.08333333333,995,24.43
"24 N","66 E",1867,3,1867.16666666667,994,25.02
"24 N","66 E",1867,4,1867.25,993,26.87
"24 N","66 E",1867,5,1867.33333333333,992,28.6
"24 N","66 E",1867,6,1867.41666666667,991,29.46
"24 N","66 E",1867,7,1867.5,990,28.75
"24 N","66 E",1867,8,1867.58333333333,989,27.66
"24 N","66 E",1867,9,1867.66666666667,988,27.63
"24 N","66 E",1867,10,1867.75,987,28.39
"24 N","66 E",1867,11,1867.83333333333,986,26.56
"24 N","66 E",1867,12,1867.91666666667,985,24.6
"24 N","66 E",1868,1,1868,984,23.23
"24 N","66 E",1868,2,1868.08333333333,983,23.41
"24 N","66 E",1868,3,1868.16666666667,982,24.48
"24 N","66 E",1868,4,1868.25,981,26.51
"24 N","66 E",1868,5,1868.33333333333,980,28.84
"24 N","66 E",1868,6,1868.41666666667,979,30.05
"24 N","66 E",1868,7,1868.5,978,28.58
"24 N","66 E",1868,8,1868.58333333333,977,27.76
"24 N","66 E",1868,9,1868.66666666667,976,27.7
"24 N","66 E",1868,10,1868.75,975,28.14
"24 N","66 E",1868,11,1868.83333333333,974,26.91
"24 N","66 E",1868,12,1868.91666666667,973,25.44
"24 N","66 E",1869,1,1869,972,24.04
"24 N","66 E",1869,2,1869.08333333333,971,23.43
"24 N","66 E",1869,3,1869.16666666667,970,24.51
"24 N","66 E",1869,4,1869.25,969,26.59
"24 N","66 E",1869,5,1869.33333333333,968,28.63
"24 N","66 E",1869,6,1869.41666666667,967,29.63
"24 N","66 E",1869,7,1869.5,966,28.83
"24 N","66 E",1869,8,1869.58333333333,965,27.75
"24 N","66 E",1869,9,1869.66666666667,964,27.74
"24 N","66 E",1869,10,1869.75,963,28.43
"24 N","66 E",1869,11,1869.83333333333,962,27.3
"24 N","66 E",1869,12,1869.91666666667,961,25.68
"24 N","66 E",1870,1,1870,960,23.86
"24 N","66 E",1870,2,1870.08333333333,959,23.97
"24 N","66 E",1870,3,1870.16666666667,958,25.18
"24 N","66 E",1870,4,1870.25,957,27.07
"24 N","66 E",1870,5,1870.33333333333,956,29.15
"24 N","66 E",1870,6,1870.41666666667,955,29.92
"24 N","66 E",1870,7,1870.5,954,29.02
"24 N","66 E",1870,8,1870.58333333333,953,27.84
"24 N","66 E",1870,9,1870.66666666667,952,27.77
"24 N","66 E",1870,10,1870.75,951,28.36
"24 N","66 E",1870,11,1870.83333333333,950,26.78
"24 N","66 E",1870,12,1870.91666666667,949,25.35
"24 N","66 E",1871,1,1871,948,24.3
"24 N","66 E",1871,2,1871.08333333333,947,23.99
"24 N","66 E",1871,3,1871.16666666667,946,25.01
"24 N","66 E",1871,4,1871.25,945,26.69
"24 N","66 E",1871,5,1871.33333333333,944,28.7
"24 N","66 E",1871,6,1871.41666666667,943,29.09
"24 N","66 E",1871,7,1871.5,942,27.77
"24 N","66 E",1871,8,1871.58333333333,941,27.02
"24 N","66 E",1871,9,1871.66666666667,940,27.39
"24 N","66 E",1871,10,1871.75,939,28.3
"24 N","66 E",1871,11,1871.83333333333,938,26.65
"24 N","66 E",1871,12,1871.91666666667,937,25.11
"24 N","66 E",1872,1,1872,936,24.18
"24 N","66 E",1872,2,1872.08333333333,935,23.94
"24 N","66 E",1872,3,1872.16666666667,934,24.58
"24 N","66 E",1872,4,1872.25,933,26.35
"24 N","66 E",1872,5,1872.33333333333,932,27.88
"24 N","66 E",1872,6,1872.41666666667,931,28.95
"24 N","66 E",1872,7,1872.5,930,28.17
"24 N","66 E",1872,8,1872.58333333333,929,27.13
"24 N","66 E",1872,9,1872.66666666667,928,27
"24 N","66 E",1872,10,1872.75,927,27.7
"24 N","66 E",1872,11,1872.83333333333,926,26.82
"24 N","66 E",1872,12,1872.91666666667,925,25.33
"24 N","66 E",1873,1,1873,924,23.9
"24 N","66 E",1873,2,1873.08333333333,923,23.4
"24 N","66 E",1873,3,1873.16666666667,922,24.16
"24 N","66 E",1873,4,1873.25,921,25.8
"24 N","66 E",1873,5,1873.33333333333,920,28.31
"24 N","66 E",1873,6,1873.41666666667,919,28.98
"24 N","66 E",1873,7,1873.5,918,28.14
"24 N","66 E",1873,8,1873.58333333333,917,27.02
"24 N","66 E",1873,9,1873.66666666667,916,27.47
"24 N","66 E",1873,10,1873.75,915,27.71
"24 N","66 E",1873,11,1873.83333333333,914,26.61
"24 N","66 E",1873,12,1873.91666666667,913,24.88
"24 N","66 E",1874,1,1874,912,23.38
"24 N","66 E",1874,2,1874.08333333333,911,23.55
"24 N","66 E",1874,3,1874.16666666667,910,24.26
"24 N","66 E",1874,4,1874.25,909,26.17
"24 N","66 E",1874,5,1874.33333333333,908,27.98
"24 N","66 E",1874,6,1874.41666666667,907,28.06
"24 N","66 E",1874,7,1874.5,906,26.7
"24 N","66 E",1874,8,1874.58333333333,905,25.8
"24 N","66 E",1874,9,1874.66666666667,904,25.78
"24 N","66 E",1874,10,1874.75,903,26.74
"24 N","66 E",1874,11,1874.83333333333,902,26.03
"24 N","66 E",1874,12,1874.91666666667,901,24.71
"24 N","66 E",1875,1,1875,900,23.48
"24 N","66 E",1875,2,1875.08333333333,899,23.19
"24 N","66 E",1875,3,1875.16666666667,898,23.92
"24 N","66 E",1875,4,1875.25,897,25.73
"24 N","66 E",1875,5,1875.33333333333,896,27.73
"24 N","66 E",1875,6,1875.41666666667,895,28.55
"24 N","66 E",1875,7,1875.5,894,28.39
"24 N","66 E",1875,8,1875.58333333333,893,27.74
"24 N","66 E",1875,9,1875.66666666667,892,27.49
"24 N","66 E",1875,10,1875.75,891,27.94
"24 N","66 E",1875,11,1875.83333333333,890,27.39
"24 N","66 E",1875,12,1875.91666666667,889,25.73
"24 N","66 E",1876,1,1876,888,24.25
"24 N","66 E",1876,2,1876.08333333333,887,24.74
"24 N","66 E",1876,3,1876.16666666667,886,25.37
"24 N","66 E",1876,4,1876.25,885,26.54
"24 N","66 E",1876,5,1876.33333333333,884,28.22
"24 N","66 E",1876,6,1876.41666666667,883,28.97
"24 N","66 E",1876,7,1876.5,882,28.34
"24 N","66 E",1876,8,1876.58333333333,881,26.86
"24 N","66 E",1876,9,1876.66666666667,880,26.7
"24 N","66 E",1876,10,1876.75,879,27.55
"24 N","66 E",1876,11,1876.83333333333,878,26.7
"24 N","66 E",1876,12,1876.91666666667,877,24.99
"24 N","66 E",1877,1,1877,876,23.47
"24 N","66 E",1877,2,1877.08333333333,875,23.49
"24 N","66 E",1877,3,1877.16666666667,874,24.2
"24 N","66 E",1877,4,1877.25,873,26.15
"24 N","66 E",1877,5,1877.33333333333,872,28.42
"24 N","66 E",1877,6,1877.41666666667,871,28.92
"24 N","66 E",1877,7,1877.5,870,28.83
"24 N","66 E",1877,8,1877.58333333333,869,28.12
"24 N","66 E",1877,9,1877.66666666667,868,28.28
"24 N","66 E",1877,10,1877.75,867,28.63
"24 N","66 E",1877,11,1877.83333333333,866,27.38
"24 N","66 E",1877,12,1877.91666666667,865,26.01
"24 N","66 E",1878,1,1878,864,24.46
"24 N","66 E",1878,2,1878.08333333333,863,23.51
"24 N","66 E",1878,3,1878.16666666667,862,24.87
"24 N","66 E",1878,4,1878.25,861,26.62
"24 N","66 E",1878,5,1878.33333333333,860,28.84
"24 N","66 E",1878,6,1878.41666666667,859,29.58
"24 N","66 E",1878,7,1878.5,858,28.53
"24 N","66 E",1878,8,1878.58333333333,857,27.64
"24 N","66 E",1878,9,1878.66666666667,856,27.53
"24 N","66 E",1878,10,1878.75,855,28.05
"24 N","66 E",1878,11,1878.83333333333,854,26.69
"24 N","66 E",1878,12,1878.91666666667,853,25.41
"24 N","66 E",1879,1,1879,852,25.77
"24 N","66 E",1879,2,1879.08333333333,851,25.24
"24 N","66 E",1879,3,1879.16666666667,850,26.81
"24 N","66 E",1879,4,1879.25,849,24.85
"24 N","66 E",1879,5,1879.33333333333,848,25.75
"24 N","66 E",1879,6,1879.41666666667,847,26.15
"24 N","66 E",1879,7,1879.5,846,27.18
"24 N","66 E",1879,8,1879.58333333333,845,26.01
"24 N","66 E",1879,9,1879.66666666667,844,26.58
"24 N","66 E",1879,10,1879.75,843,27.14
"24 N","66 E",1879,11,1879.83333333333,842,26.17
"24 N","66 E",1879,12,1879.91666666667,841,24.12
"24 N","66 E",1880,1,1880,840,23.04
"24 N","66 E",1880,2,1880.08333333333,839,22.49
"24 N","66 E",1880,3,1880.16666666667,838,24
"24 N","66 E",1880,4,1880.25,837,26.14
"24 N","66 E",1880,5,1880.33333333333,836,27.87
"24 N","66 E",1880,6,1880.41666666667,835,28.6
"24 N","66 E",1880,7,1880.5,834,27.44
"24 N","66 E",1880,8,1880.58333333333,833,26.91
"24 N","66 E",1880,9,1880.66666666667,832,26.79
"24 N","66 E",1880,10,1880.75,831,27.45
"24 N","66 E",1880,11,1880.83333333333,830,26.5
"24 N","66 E",1880,12,1880.91666666667,829,25
"24 N","66 E",1881,1,1881,828,23.57
"24 N","66 E",1881,2,1881.08333333333,827,23.41
"24 N","66 E",1881,3,1881.16666666667,826,24.16
"24 N","66 E",1881,4,1881.25,825,26.19
"24 N","66 E",1881,5,1881.33333333333,824,27.63
"24 N","66 E",1881,6,1881.41666666667,823,28.5
"24 N","66 E",1881,7,1881.5,822,28.04
"24 N","66 E",1881,8,1881.58333333333,821,27.76
"24 N","66 E",1881,9,1881.66666666667,820,28.48
"24 N","66 E",1881,10,1881.75,819,28.48
"24 N","66 E",1881,11,1881.83333333333,818,27.34
"24 N","66 E",1881,12,1881.91666666667,817,26.07
"24 N","66 E",1882,1,1882,816,24.11
"24 N","66 E",1882,2,1882.08333333333,815,23.59
"24 N","66 E",1882,3,1882.16666666667,814,24.22
"24 N","66 E",1882,4,1882.25,813,25.97
"24 N","66 E",1882,5,1882.33333333333,812,27.86
"24 N","66 E",1882,6,1882.41666666667,811,28.37
"24 N","66 E",1882,7,1882.5,810,27.72
"24 N","66 E",1882,8,1882.58333333333,809,26.76
"24 N","66 E",1882,9,1882.66666666667,808,26.81
"24 N","66 E",1882,10,1882.75,807,26.78
"24 N","66 E",1882,11,1882.83333333333,806,25.65
"24 N","66 E",1882,12,1882.91666666667,805,24.4
"24 N","66 E",1883,1,1883,804,23.07
"24 N","66 E",1883,2,1883.08333333333,803,22.53
"24 N","66 E",1883,3,1883.16666666667,802,23.59
"24 N","66 E",1883,4,1883.25,801,25.99
"24 N","66 E",1883,5,1883.33333333333,800,27.99
"24 N","66 E",1883,6,1883.41666666667,799,28.96
"24 N","66 E",1883,7,1883.5,798,28.06
"24 N","66 E",1883,8,1883.58333333333,797,27.14
"24 N","66 E",1883,9,1883.66666666667,796,26.8
"24 N","66 E",1883,10,1883.75,795,25.7
"24 N","66 E",1883,11,1883.83333333333,794,24.79
"24 N","66 E",1883,12,1883.91666666667,793,22.45
"24 N","66 E",1884,1,1884,792,22.12
"24 N","66 E",1884,2,1884.08333333333,791,22.42
"24 N","66 E",1884,3,1884.16666666667,790,23.51
"24 N","66 E",1884,4,1884.25,789,25.9
"24 N","66 E",1884,5,1884.33333333333,788,28.09
"24 N","66 E",1884,6,1884.41666666667,787,28.82
"24 N","66 E",1884,7,1884.5,786,28.43
"24 N","66 E",1884,8,1884.58333333333,785,26.9
"24 N","66 E",1884,9,1884.66666666667,784,27.08
"24 N","66 E",1884,10,1884.75,783,26.97
"24 N","66 E",1884,11,1884.83333333333,782,26.27
"24 N","66 E",1884,12,1884.91666666667,781,25.26
"24 N","66 E",1885,1,1885,780,23.92
"24 N","66 E",1885,2,1885.08333333333,779,23.11
"24 N","66 E",1885,3,1885.16666666667,778,24.83
"24 N","66 E",1885,4,1885.25,777,26.1
"24 N","66 E",1885,5,1885.33333333333,776,28.22
"24 N","66 E",1885,6,1885.41666666667,775,29.2
"24 N","66 E",1885,7,1885.5,774,28.51
"24 N","66 E",1885,8,1885.58333333333,773,27.88
"24 N","66 E",1885,9,1885.66666666667,772,27.47
"24 N","66 E",1885,10,1885.75,771,27.46
"24 N","66 E",1885,11,1885.83333333333,770,26.87
"24 N","66 E",1885,12,1885.91666666667,769,25.87
"24 N","66 E",1886,1,1886,768,24
"24 N","66 E",1886,2,1886.08333333333,767,23.17
"24 N","66 E",1886,3,1886.16666666667,766,24.22
"24 N","66 E",1886,4,1886.25,765,26.05
"24 N","66 E",1886,5,1886.33333333333,764,27.75
"24 N","66 E",1886,6,1886.41666666667,763,28.42
"24 N","66 E",1886,7,1886.5,762,27.77
"24 N","66 E",1886,8,1886.58333333333,761,26.92
"24 N","66 E",1886,9,1886.66666666667,760,27.1
"24 N","66 E",1886,10,1886.75,759,27.32
"24 N","66 E",1886,11,1886.83333333333,758,26.53
"24 N","66 E",1886,12,1886.91666666667,757,24.83
"24 N","66 E",1887,1,1887,756,23.36
"24 N","66 E",1887,2,1887.08333333333,755,22.89
"24 N","66 E",1887,3,1887.16666666667,754,23.69
"24 N","66 E",1887,4,1887.25,753,25.7
"24 N","66 E",1887,5,1887.33333333333,752,27.56
"24 N","66 E",1887,6,1887.41666666667,751,28.34
"24 N","66 E",1887,7,1887.5,750,27.8
"24 N","66 E",1887,8,1887.58333333333,749,27.13
"24 N","66 E",1887,9,1887.66666666667,748,26.88
"24 N","66 E",1887,10,1887.75,747,27.47
"24 N","66 E",1887,11,1887.83333333333,746,27.06
"24 N","66 E",1887,12,1887.91666666667,745,25.81
"24 N","66 E",1888,1,1888,744,24.16
"24 N","66 E",1888,2,1888.08333333333,743,23.26
"24 N","66 E",1888,3,1888.16666666667,742,24.21
"24 N","66 E",1888,4,1888.25,741,26.25
"24 N","66 E",1888,5,1888.33333333333,740,28.09
"24 N","66 E",1888,6,1888.41666666667,739,29.47
"24 N","66 E",1888,7,1888.5,738,28.74
"24 N","66 E",1888,8,1888.58333333333,737,27.68
"24 N","66 E",1888,9,1888.66666666667,736,27.68
"24 N","66 E",1888,10,1888.75,735,28.88
"24 N","66 E",1888,11,1888.83333333333,734,27.21
"24 N","66 E",1888,12,1888.91666666667,733,26.09
"24 N","66 E",1889,1,1889,732,23.8
"24 N","66 E",1889,2,1889.08333333333,731,23.1
"24 N","66 E",1889,3,1889.16666666667,730,23.94
"24 N","66 E",1889,4,1889.25,729,25.05
"24 N","66 E",1889,5,1889.33333333333,728,27.21
"24 N","66 E",1889,6,1889.41666666667,727,27.78
"24 N","66 E",1889,7,1889.5,726,27.22
"24 N","66 E",1889,8,1889.58333333333,725,26.77
"24 N","66 E",1889,9,1889.66666666667,724,26.7
"24 N","66 E",1889,10,1889.75,723,27.18
"24 N","66 E",1889,11,1889.83333333333,722,26.06
"24 N","66 E",1889,12,1889.91666666667,721,24.42
"24 N","66 E",1890,1,1890,720,23.28
"24 N","66 E",1890,2,1890.08333333333,719,22.94
"24 N","66 E",1890,3,1890.16666666667,718,24.12
"24 N","66 E",1890,4,1890.25,717,26.06
"24 N","66 E",1890,5,1890.33333333333,716,27.5
"24 N","66 E",1890,6,1890.41666666667,715,27.83
"24 N","66 E",1890,7,1890.5,714,27.41
"24 N","66 E",1890,8,1890.58333333333,713,26.31
"24 N","66 E",1890,9,1890.66666666667,712,26.34
"24 N","66 E",1890,10,1890.75,711,26.7
"24 N","66 E",1890,11,1890.83333333333,710,26
"24 N","66 E",1890,12,1890.91666666667,709,24.77
"24 N","66 E",1891,1,1891,708,23.5
"24 N","66 E",1891,2,1891.08333333333,707,23.87
"24 N","66 E",1891,3,1891.16666666667,706,24.85
"24 N","66 E",1891,4,1891.25,705,26.69
"24 N","66 E",1891,5,1891.33333333333,704,28.31
"24 N","66 E",1891,6,1891.41666666667,703,28.64
"24 N","66 E",1891,7,1891.5,702,27.9
"24 N","66 E",1891,8,1891.58333333333,701,27.08
"24 N","66 E",1891,9,1891.66666666667,700,27.1
"24 N","66 E",1891,10,1891.75,699,27.72
"24 N","66 E",1891,11,1891.83333333333,698,26.38
"24 N","66 E",1891,12,1891.91666666667,697,24.76
"24 N","66 E",1892,1,1892,696,23.1
"24 N","66 E",1892,2,1892.08333333333,695,23.16
"24 N","66 E",1892,3,1892.16666666667,694,23.78
"24 N","66 E",1892,4,1892.25,693,25.61
"24 N","66 E",1892,5,1892.33333333333,692,27.93
"24 N","66 E",1892,6,1892.41666666667,691,28.49
"24 N","66 E",1892,7,1892.5,690,27.49
"24 N","66 E",1892,8,1892.58333333333,689,26.82
"24 N","66 E",1892,9,1892.66666666667,688,26.82
"24 N","66 E",1892,10,1892.75,687,27.46
"24 N","66 E",1892,11,1892.83333333333,686,26.05
"24 N","66 E",1892,12,1892.91666666667,685,24.12
"24 N","66 E",1893,1,1893,684,22.92
"24 N","66 E",1893,2,1893.08333333333,683,23.27
"24 N","66 E",1893,3,1893.16666666667,682,23.97
"24 N","66 E",1893,4,1893.25,681,26
"24 N","66 E",1893,5,1893.33333333333,680,27.42
"24 N","66 E",1893,6,1893.41666666667,679,28.51
"24 N","66 E",1893,7,1893.5,678,27.81
"24 N","66 E",1893,8,1893.58333333333,677,26.88
"24 N","66 E",1893,9,1893.66666666667,676,26.5
"24 N","66 E",1893,10,1893.75,675,27.26
"24 N","66 E",1893,11,1893.83333333333,674,26.16
"24 N","66 E",1893,12,1893.91666666667,673,24.66
"24 N","66 E",1894,1,1894,672,22.99
"24 N","66 E",1894,2,1894.08333333333,671,22.84
"24 N","66 E",1894,3,1894.16666666667,670,24.11
"24 N","66 E",1894,4,1894.25,669,26.01
"24 N","66 E",1894,5,1894.33333333333,668,27.67
"24 N","66 E",1894,6,1894.41666666667,667,28.19
"24 N","66 E",1894,7,1894.5,666,27.65
"24 N","66 E",1894,8,1894.58333333333,665,27.17
"24 N","66 E",1894,9,1894.66666666667,664,26.87
"24 N","66 E",1894,10,1894.75,663,27.12
"24 N","66 E",1894,11,1894.83333333333,662,25.51
"24 N","66 E",1894,12,1894.91666666667,661,23.9
"24 N","66 E",1895,1,1895,660,22.45
NA,NA,1895,2,1895.08333333333,659,21.99
NA,NA,1895,3,1895.16666666667,658,23.55
NA,NA,1895,4,1895.25,657,25.68
NA,NA,1895,5,1895.33333333333,656,27.63
NA,NA,1895,6,1895.41666666667,655,28.5
NA,NA,1895,7,1895.5,654,27.5
NA,NA,1895,8,1895.58333333333,653,27.06
NA,NA,1895,9,1895.66666666667,652,27.13
NA,NA,1895,10,1895.75,651,27.4
NA,NA,1895,11,1895.83333333333,650,26.25
NA,NA,1895,12,1895.91666666667,649,24.65
NA,NA,1896,1,1896,648,23.09
NA,NA,1896,2,1896.08333333333,647,23.22
NA,NA,1896,3,1896.16666666667,646,24.28
NA,NA,1896,4,1896.25,645,25.96
NA,NA,1896,5,1896.33333333333,644,27.41
NA,NA,1896,6,1896.41666666667,643,26.91
NA,NA,1896,7,1896.5,642,27.31
NA,NA,1896,8,1896.58333333333,641,26.04
NA,NA,1896,9,1896.66666666667,640,27.4
NA,NA,1896,10,1896.75,639,27.69
NA,NA,1896,11,1896.83333333333,638,26.83
NA,NA,1896,12,1896.91666666667,637,25.38
NA,NA,1897,1,1897,636,23.79
NA,NA,1897,2,1897.08333333333,635,23.52
NA,NA,1897,3,1897.16666666667,634,24.51
NA,NA,1897,4,1897.25,633,26.15
NA,NA,1897,5,1897.33333333333,632,27.97
NA,NA,1897,6,1897.41666666667,631,28.8
NA,NA,1897,7,1897.5,630,28.36
NA,NA,1897,8,1897.58333333333,629,27.39
NA,NA,1897,9,1897.66666666667,628,27.31
NA,NA,1897,10,1897.75,627,27.65
NA,NA,1897,11,1897.83333333333,626,26.47
NA,NA,1897,12,1897.91666666667,625,24.66
NA,NA,1898,1,1898,624,23.13
NA,NA,1898,2,1898.08333333333,623,22.68
NA,NA,1898,3,1898.16666666667,622,23.84
NA,NA,1898,4,1898.25,621,25.88
NA,NA,1898,5,1898.33333333333,620,27.62
NA,NA,1898,6,1898.41666666667,619,28.46
NA,NA,1898,7,1898.5,618,27.59
NA,NA,1898,8,1898.58333333333,617,26.62
NA,NA,1898,9,1898.66666666667,616,26.86
NA,NA,1898,10,1898.75,615,27.39
NA,NA,1898,11,1898.83333333333,614,26.3
NA,NA,1898,12,1898.91666666667,613,24.34
NA,NA,1899,1,1899,612,22.83
NA,NA,1899,2,1899.08333333333,611,22.83
NA,NA,1899,3,1899.16666666667,610,24.11
NA,NA,1899,4,1899.25,609,25.79
NA,NA,1899,5,1899.33333333333,608,27.78
NA,NA,1899,6,1899.41666666667,607,28.36
NA,NA,1899,7,1899.5,606,27.38
NA,NA,1899,8,1899.58333333333,605,26.84
NA,NA,1899,9,1899.66666666667,604,26.84
NA,NA,1899,10,1899.75,603,27.39
NA,NA,1899,11,1899.83333333333,602,26.18
NA,NA,1899,12,1899.91666666667,601,24.57
NA,NA,1900,1,1900,600,23.17
NA,NA,1900,2,1900.08333333333,599,22.79
NA,NA,1900,3,1900.16666666667,598,24.28
NA,NA,1900,4,1900.25,597,26.3
NA,NA,1900,5,1900.33333333333,596,28.1
NA,NA,1900,6,1900.41666666667,595,28.97
NA,NA,1900,7,1900.5,594,27.94
NA,NA,1900,8,1900.58333333333,593,27.15
NA,NA,1900,9,1900.66666666667,592,27.03
NA,NA,1900,10,1900.75,591,27.83
NA,NA,1900,11,1900.83333333333,590,26.93
NA,NA,1900,12,1900.91666666667,589,25.5
NA,NA,1901,1,1901,588,24.09
NA,NA,1901,2,1901.08333333333,587,24.59
NA,NA,1901,3,1901.16666666667,586,26.53
NA,NA,1901,4,1901.25,585,27.94
NA,NA,1901,5,1901.33333333333,584,28.75
NA,NA,1901,6,1901.41666666667,583,29.03
NA,NA,1901,7,1901.5,582,27.81
NA,NA,1901,8,1901.58333333333,581,26.47
NA,NA,1901,9,1901.66666666667,580,25.83
NA,NA,1901,10,1901.75,579,25.49
NA,NA,1901,11,1901.83333333333,578,27.22
NA,NA,1901,12,1901.91666666667,577,26.29
NA,NA,1902,1,1902,576,24.55
NA,NA,1902,2,1902.08333333333,575,24.63
NA,NA,1902,3,1902.16666666667,574,25.18
NA,NA,1902,4,1902.25,573,26.96
NA,NA,1902,5,1902.33333333333,572,29.59
NA,NA,1902,6,1902.41666666667,571,29.38
NA,NA,1902,7,1902.5,570,29.1
NA,NA,1902,8,1902.58333333333,569,28.47
NA,NA,1902,9,1902.66666666667,568,27.77
NA,NA,1902,10,1902.75,567,28.11
NA,NA,1902,11,1902.83333333333,566,26.79
NA,NA,1902,12,1902.91666666667,565,25.47
NA,NA,1903,1,1903,564,23.68
NA,NA,1903,2,1903.08333333333,563,23.09
NA,NA,1903,3,1903.16666666667,562,24.74
NA,NA,1903,4,1903.25,561,26.8
NA,NA,1903,5,1903.33333333333,560,27.63
NA,NA,1903,6,1903.41666666667,559,28.88
NA,NA,1903,7,1903.5,558,27.81
NA,NA,1903,8,1903.58333333333,557,26.87
NA,NA,1903,9,1903.66666666667,556,27.17
NA,NA,1903,10,1903.75,555,27.86
NA,NA,1903,11,1903.83333333333,554,26.7
NA,NA,1903,12,1903.91666666667,553,25.56
NA,NA,1904,1,1904,552,24.15
NA,NA,1904,2,1904.08333333333,551,23.8
NA,NA,1904,3,1904.16666666667,550,24.7
NA,NA,1904,4,1904.25,549,26.32
NA,NA,1904,5,1904.33333333333,548,28.31
NA,NA,1904,6,1904.41666666667,547,29.14
NA,NA,1904,7,1904.5,546,27.91
NA,NA,1904,8,1904.58333333333,545,27.03
NA,NA,1904,9,1904.66666666667,544,27.17
NA,NA,1904,10,1904.75,543,27.28
NA,NA,1904,11,1904.83333333333,542,25.98
NA,NA,1904,12,1904.91666666667,541,24.86
NA,NA,1905,1,1905,540,22.73
NA,NA,1905,2,1905.08333333333,539,22.34
NA,NA,1905,3,1905.16666666667,538,23.25
NA,NA,1905,4,1905.25,537,25.62
NA,NA,1905,5,1905.33333333333,536,27.67
NA,NA,1905,6,1905.41666666667,535,29.25
NA,NA,1905,7,1905.5,534,28.5
NA,NA,1905,8,1905.58333333333,533,27.48
NA,NA,1905,9,1905.66666666667,532,27.43
NA,NA,1905,10,1905.75,531,27.32
NA,NA,1905,11,1905.83333333333,530,25.85
NA,NA,1905,12,1905.91666666667,529,24.42
NA,NA,1906,1,1906,528,23.43
NA,NA,1906,2,1906.08333333333,527,22.62
NA,NA,1906,3,1906.16666666667,526,23.01
NA,NA,1906,4,1906.25,525,25.08
NA,NA,1906,5,1906.33333333333,524,27.6
NA,NA,1906,6,1906.41666666667,523,28.39
NA,NA,1906,7,1906.5,522,27.81
NA,NA,1906,8,1906.58333333333,521,26.99
NA,NA,1906,9,1906.66666666667,520,27.42
NA,NA,1906,10,1906.75,519,28.32
NA,NA,1906,11,1906.83333333333,518,27.81
NA,NA,1906,12,1906.91666666667,517,25.19
NA,NA,1907,1,1907,516,24.22
NA,NA,1907,2,1907.08333333333,515,24.37
NA,NA,1907,3,1907.16666666667,514,25.23
NA,NA,1907,4,1907.25,513,26.61
NA,NA,1907,5,1907.33333333333,512,28.55
NA,NA,1907,6,1907.41666666667,511,28.92
NA,NA,1907,7,1907.5,510,28.17
NA,NA,1907,8,1907.58333333333,509,27
NA,NA,1907,9,1907.66666666667,508,26.52
NA,NA,1907,10,1907.75,507,26.97
NA,NA,1907,11,1907.83333333333,506,26.37
NA,NA,1907,12,1907.91666666667,505,25.31
NA,NA,1908,1,1908,504,24.26
NA,NA,1908,2,1908.08333333333,503,23.09
NA,NA,1908,3,1908.16666666667,502,23.84
NA,NA,1908,4,1908.25,501,25.86
NA,NA,1908,5,1908.33333333333,500,27.02
NA,NA,1908,6,1908.41666666667,499,28.36
NA,NA,1908,7,1908.5,498,27.77
NA,NA,1908,8,1908.58333333333,497,26.63
NA,NA,1908,9,1908.66666666667,496,26.8
NA,NA,1908,10,1908.75,495,27.2
NA,NA,1908,11,1908.83333333333,494,26.33
NA,NA,1908,12,1908.91666666667,493,24.33
NA,NA,1909,1,1909,492,22.81
NA,NA,1909,2,1909.08333333333,491,23.13
NA,NA,1909,3,1909.16666666667,490,24.13
NA,NA,1909,4,1909.25,489,25.86
NA,NA,1909,5,1909.33333333333,488,27.66
NA,NA,1909,6,1909.41666666667,487,28.8
NA,NA,1909,7,1909.5,486,27.97
NA,NA,1909,8,1909.58333333333,485,26.33
NA,NA,1909,9,1909.66666666667,484,26.62
NA,NA,1909,10,1909.75,483,27.39
NA,NA,1909,11,1909.83333333333,482,26.5
NA,NA,1909,12,1909.91666666667,481,24.94
NA,NA,1910,1,1910,480,23.52
NA,NA,1910,2,1910.08333333333,479,23.23
NA,NA,1910,3,1910.16666666667,478,23.87
NA,NA,1910,4,1910.25,477,25.58
NA,NA,1910,5,1910.33333333333,476,27.56
NA,NA,1910,6,1910.41666666667,475,28.86
NA,NA,1910,7,1910.5,474,28.03
NA,NA,1910,8,1910.58333333333,473,26.56
NA,NA,1910,9,1910.66666666667,472,26.44
NA,NA,1910,10,1910.75,471,26.95
NA,NA,1910,11,1910.83333333333,470,25.82
NA,NA,1910,12,1910.91666666667,469,24.33
NA,NA,1911,1,1911,468,23.5
NA,NA,1911,2,1911.08333333333,467,22.91
NA,NA,1911,3,1911.16666666667,466,23.74
NA,NA,1911,4,1911.25,465,25.37
NA,NA,1911,5,1911.33333333333,464,27.31
NA,NA,1911,6,1911.41666666667,463,28.44
NA,NA,1911,7,1911.5,462,27.44
NA,NA,1911,8,1911.58333333333,461,26.73
NA,NA,1911,9,1911.66666666667,460,26.3
NA,NA,1911,10,1911.75,459,26.95
NA,NA,1911,11,1911.83333333333,458,25.9
NA,NA,1911,12,1911.91666666667,457,24.61
NA,NA,1912,1,1912,456,23.9
NA,NA,1912,2,1912.08333333333,455,23.67
NA,NA,1912,3,1912.16666666667,454,24.35
NA,NA,1912,4,1912.25,453,26.37
NA,NA,1912,5,1912.33333333333,452,28.22
NA,NA,1912,6,1912.41666666667,451,28.88
NA,NA,1912,7,1912.5,450,27.96
NA,NA,1912,8,1912.58333333333,449,27.32
NA,NA,1912,9,1912.66666666667,448,27.25
NA,NA,1912,10,1912.75,447,27.5
NA,NA,1912,11,1912.83333333333,446,26.11
NA,NA,1912,12,1912.91666666667,445,24.45
NA,NA,1913,1,1913,444,23.72
NA,NA,1913,2,1913.08333333333,443,23.37
NA,NA,1913,3,1913.16666666667,442,23.49
NA,NA,1913,4,1913.25,441,25.84
NA,NA,1913,5,1913.33333333333,440,27.79
NA,NA,1913,6,1913.41666666667,439,28.59
NA,NA,1913,7,1913.5,438,28.19
NA,NA,1913,8,1913.58333333333,437,27.13
NA,NA,1913,9,1913.66666666667,436,26.91
NA,NA,1913,10,1913.75,435,28
NA,NA,1913,11,1913.83333333333,434,26.47
NA,NA,1913,12,1913.91666666667,433,24.11
NA,NA,1914,1,1914,432,23.41
NA,NA,1914,2,1914.08333333333,431,23.18
NA,NA,1914,3,1914.16666666667,430,23.95
NA,NA,1914,4,1914.25,429,26.2
NA,NA,1914,5,1914.33333333333,428,27.88
NA,NA,1914,6,1914.41666666667,427,28.78
NA,NA,1914,7,1914.5,426,27.93
NA,NA,1914,8,1914.58333333333,425,27.4
NA,NA,1914,9,1914.66666666667,424,27.56
NA,NA,1914,10,1914.75,423,28.46
NA,NA,1914,11,1914.83333333333,422,27.36
NA,NA,1914,12,1914.91666666667,421,25.2
NA,NA,1915,1,1915,420,23.79
NA,NA,1915,2,1915.08333333333,419,22.71
NA,NA,1915,3,1915.16666666667,418,24.04
NA,NA,1915,4,1915.25,417,26.14
NA,NA,1915,5,1915.33333333333,416,28.73
NA,NA,1915,6,1915.41666666667,415,29.53
NA,NA,1915,7,1915.5,414,28.68
NA,NA,1915,8,1915.58333333333,413,27.13
NA,NA,1915,9,1915.66666666667,412,27.26
NA,NA,1915,10,1915.75,411,27.2
NA,NA,1915,11,1915.83333333333,410,25.99
NA,NA,1915,12,1915.91666666667,409,24.36
NA,NA,1916,1,1916,408,24.24
NA,NA,1916,2,1916.08333333333,407,23.88
NA,NA,1916,3,1916.16666666667,406,24.83
NA,NA,1916,4,1916.25,405,26.48
NA,NA,1916,5,1916.33333333333,404,28.15
NA,NA,1916,6,1916.41666666667,403,29.1
NA,NA,1916,7,1916.5,402,28.85
NA,NA,1916,8,1916.58333333333,401,27.71
NA,NA,1916,9,1916.66666666667,400,27.57
NA,NA,1916,10,1916.75,399,27.28
NA,NA,1916,11,1916.83333333333,398,25.83
NA,NA,1916,12,1916.91666666667,397,24.91
NA,NA,1917,1,1917,396,23.43
NA,NA,1917,2,1917.08333333333,395,23.52
NA,NA,1917,3,1917.16666666667,394,24.28
NA,NA,1917,4,1917.25,393,25.75
NA,NA,1917,5,1917.33333333333,392,27.6
NA,NA,1917,6,1917.41666666667,391,29
NA,NA,1917,7,1917.5,390,29.2
NA,NA,1917,8,1917.58333333333,389,27.98
NA,NA,1917,9,1917.66666666667,388,27.7
NA,NA,1917,10,1917.75,387,27.58
NA,NA,1917,11,1917.83333333333,386,25.79
NA,NA,1917,12,1917.91666666667,385,24.5
NA,NA,1918,1,1918,384,23.58
NA,NA,1918,2,1918.08333333333,383,23.47
NA,NA,1918,3,1918.16666666667,382,24.96
NA,NA,1918,4,1918.25,381,25.59
NA,NA,1918,5,1918.33333333333,380,27.38
NA,NA,1918,6,1918.41666666667,379,27.81
NA,NA,1918,7,1918.5,378,27.62
NA,NA,1918,8,1918.58333333333,377,26.3
NA,NA,1918,9,1918.66666666667,376,26.23
NA,NA,1918,10,1918.75,375,26.4
NA,NA,1918,11,1918.83333333333,374,25.78
NA,NA,1918,12,1918.91666666667,373,23.91
NA,NA,1919,1,1919,372,23.09
NA,NA,1919,2,1919.08333333333,371,23.15
NA,NA,1919,3,1919.16666666667,370,23.88
NA,NA,1919,4,1919.25,369,25.44
NA,NA,1919,5,1919.33333333333,368,27.56
NA,NA,1919,6,1919.41666666667,367,27.69
NA,NA,1919,7,1919.5,366,26.03
NA,NA,1919,8,1919.58333333333,365,28.17
NA,NA,1919,9,1919.66666666667,364,27.02
NA,NA,1919,10,1919.75,363,27.23
NA,NA,1919,11,1919.83333333333,362,26.08
NA,NA,1919,12,1919.91666666667,361,25.12
NA,NA,1920,1,1920,360,23.69
NA,NA,1920,2,1920.08333333333,359,24.38
NA,NA,1920,3,1920.16666666667,358,25.3
NA,NA,1920,4,1920.25,357,27.1
NA,NA,1920,5,1920.33333333333,356,28.06
NA,NA,1920,6,1920.41666666667,355,28.23
NA,NA,1920,7,1920.5,354,27.9
NA,NA,1920,8,1920.58333333333,353,26.85
NA,NA,1920,9,1920.66666666667,352,26.84
NA,NA,1920,10,1920.75,351,27.7
NA,NA,1920,11,1920.83333333333,350,26.92
NA,NA,1920,12,1920.91666666667,349,24.97
NA,NA,1921,1,1921,348,23.74
NA,NA,1921,2,1921.08333333333,347,23.59
NA,NA,1921,3,1921.16666666667,346,24.7
NA,NA,1921,4,1921.25,345,27.28
NA,NA,1921,5,1921.33333333333,344,28.31
NA,NA,1921,6,1921.41666666667,343,28.82
NA,NA,1921,7,1921.5,342,27.49
NA,NA,1921,8,1921.58333333333,341,26.9
NA,NA,1921,9,1921.66666666667,340,26.9
NA,NA,1921,10,1921.75,339,27.29
NA,NA,1921,11,1921.83333333333,338,26.22
NA,NA,1921,12,1921.91666666667,337,24.89
NA,NA,1922,1,1922,336,23.7
NA,NA,1922,2,1922.08333333333,335,22.92
NA,NA,1922,3,1922.16666666667,334,23.93
NA,NA,1922,4,1922.25,333,26.59
NA,NA,1922,5,1922.33333333333,332,27.3
NA,NA,1922,6,1922.41666666667,331,28.8
NA,NA,1922,7,1922.5,330,27.96
NA,NA,1922,8,1922.58333333333,329,26.79
NA,NA,1922,9,1922.66666666667,328,26.54
NA,NA,1922,10,1922.75,327,27.21
NA,NA,1922,11,1922.83333333333,326,26.35
NA,NA,1922,12,1922.91666666667,325,24.82
NA,NA,1923,1,1923,324,23.43
NA,NA,1923,2,1923.08333333333,323,23.09
NA,NA,1923,3,1923.16666666667,322,24.2
NA,NA,1923,4,1923.25,321,25.89
NA,NA,1923,5,1923.33333333333,320,27.46
NA,NA,1923,6,1923.41666666667,319,28.64
NA,NA,1923,7,1923.5,318,27.78
NA,NA,1923,8,1923.58333333333,317,26.74
NA,NA,1923,9,1923.66666666667,316,27
NA,NA,1923,10,1923.75,315,26.68
NA,NA,1923,11,1923.83333333333,314,25.4
NA,NA,1923,12,1923.91666666667,313,23.58
NA,NA,1924,1,1924,312,22.24
NA,NA,1924,2,1924.08333333333,311,22.51
NA,NA,1924,3,1924.16666666667,310,24.61
NA,NA,1924,4,1924.25,309,26.42
NA,NA,1924,5,1924.33333333333,308,28.45
NA,NA,1924,6,1924.41666666667,307,28.88
NA,NA,1924,7,1924.5,306,28.11
NA,NA,1924,8,1924.58333333333,305,26.85
NA,NA,1924,9,1924.66666666667,304,27.37
NA,NA,1924,10,1924.75,303,27.04
NA,NA,1924,11,1924.83333333333,302,25.95
NA,NA,1924,12,1924.91666666667,301,24.3
NA,NA,1925,1,1925,300,22.9
NA,NA,1925,2,1925.08333333333,299,22.25
NA,NA,1925,3,1925.16666666667,298,24.5
NA,NA,1925,4,1925.25,297,26.94
NA,NA,1925,5,1925.33333333333,296,28.35
NA,NA,1925,6,1925.41666666667,295,28.58
NA,NA,1925,7,1925.5,294,27.62
NA,NA,1925,8,1925.58333333333,293,26.83
NA,NA,1925,9,1925.66666666667,292,26.39
NA,NA,1925,10,1925.75,291,27
NA,NA,1925,11,1925.83333333333,290,26.02
NA,NA,1925,12,1925.91666666667,289,24.64
NA,NA,1926,1,1926,288,23.62
NA,NA,1926,2,1926.08333333333,287,23.53
NA,NA,1926,3,1926.16666666667,286,24.81
NA,NA,1926,4,1926.25,285,25.52
NA,NA,1926,5,1926.33333333333,284,27.43
NA,NA,1926,6,1926.41666666667,283,28.94
NA,NA,1926,7,1926.5,282,28.79
NA,NA,1926,8,1926.58333333333,281,27.91
NA,NA,1926,9,1926.66666666667,280,27.47
NA,NA,1926,10,1926.75,279,27.5
NA,NA,1926,11,1926.83333333333,278,26.54
NA,NA,1926,12,1926.91666666667,277,24.52
NA,NA,1927,1,1927,276,23.03
NA,NA,1927,2,1927.08333333333,275,22.43
NA,NA,1927,3,1927.16666666667,274,22.94
NA,NA,1927,4,1927.25,273,25.05
NA,NA,1927,5,1927.33333333333,272,27.61
NA,NA,1927,6,1927.41666666667,271,28.83
NA,NA,1927,7,1927.5,270,27.82
NA,NA,1927,8,1927.58333333333,269,27.06
NA,NA,1927,9,1927.66666666667,268,26.91
NA,NA,1927,10,1927.75,267,27.27
NA,NA,1927,11,1927.83333333333,266,25.94
NA,NA,1927,12,1927.91666666667,265,24.47
NA,NA,1928,1,1928,264,23.06
NA,NA,1928,2,1928.08333333333,263,22.63
NA,NA,1928,3,1928.16666666667,262,24.35
NA,NA,1928,4,1928.25,261,26.57
NA,NA,1928,5,1928.33333333333,260,27.75
NA,NA,1928,6,1928.41666666667,259,28.58
NA,NA,1928,7,1928.5,258,28
NA,NA,1928,8,1928.58333333333,257,27.3
NA,NA,1928,9,1928.66666666667,256,27
NA,NA,1928,10,1928.75,255,27.34
NA,NA,1928,11,1928.83333333333,254,26.58
NA,NA,1928,12,1928.91666666667,253,24.64
NA,NA,1929,1,1929,252,23
NA,NA,1929,2,1929.08333333333,251,22.95
NA,NA,1929,3,1929.16666666667,250,24.58
NA,NA,1929,4,1929.25,249,26.5
NA,NA,1929,5,1929.33333333333,248,28.24
NA,NA,1929,6,1929.41666666667,247,28.83
NA,NA,1929,7,1929.5,246,27.64
NA,NA,1929,8,1929.58333333333,245,26.86
NA,NA,1929,9,1929.66666666667,244,26.7
NA,NA,1929,10,1929.75,243,27.28
NA,NA,1929,11,1929.83333333333,242,26.44
NA,NA,1929,12,1929.91666666667,241,24.73
NA,NA,1930,1,1930,240,23.07
NA,NA,1930,2,1930.08333333333,239,22.78
NA,NA,1930,3,1930.16666666667,238,24.29
NA,NA,1930,4,1930.25,237,25.92
NA,NA,1930,5,1930.33333333333,236,27.94
NA,NA,1930,6,1930.41666666667,235,28.99
NA,NA,1930,7,1930.5,234,27.74
NA,NA,1930,8,1930.58333333333,233,26.45
NA,NA,1930,9,1930.66666666667,232,27.11
NA,NA,1930,10,1930.75,231,27.71
NA,NA,1930,11,1930.83333333333,230,25.75
NA,NA,1930,12,1930.91666666667,229,24.68
NA,NA,1931,1,1931,228,23.37
NA,NA,1931,2,1931.08333333333,227,22.98
NA,NA,1931,3,1931.16666666667,226,23.9
NA,NA,1931,4,1931.25,225,26.09
NA,NA,1931,5,1931.33333333333,224,28.21
NA,NA,1931,6,1931.41666666667,223,29.38
NA,NA,1931,7,1931.5,222,28.64
NA,NA,1931,8,1931.58333333333,221,27.75
NA,NA,1931,9,1931.66666666667,220,27.13
NA,NA,1931,10,1931.75,219,27.12
NA,NA,1931,11,1931.83333333333,218,26.23
NA,NA,1931,12,1931.91666666667,217,24.65
NA,NA,1932,1,1932,216,23.86
NA,NA,1932,2,1932.08333333333,215,23.47
NA,NA,1932,3,1932.16666666667,214,23.88
NA,NA,1932,4,1932.25,213,25.9
NA,NA,1932,5,1932.33333333333,212,27.89
NA,NA,1932,6,1932.41666666667,211,28.87
NA,NA,1932,7,1932.5,210,28.77
NA,NA,1932,8,1932.58333333333,209,27.14
NA,NA,1932,9,1932.66666666667,208,27.76
NA,NA,1932,10,1932.75,207,27.94
NA,NA,1932,11,1932.83333333333,206,26.25
NA,NA,1932,12,1932.91666666667,205,24.96
NA,NA,1933,1,1933,204,23.45
NA,NA,1933,2,1933.08333333333,203,23.04
NA,NA,1933,3,1933.16666666667,202,24.48
NA,NA,1933,4,1933.25,201,26.23
NA,NA,1933,5,1933.33333333333,200,28.09
NA,NA,1933,6,1933.41666666667,199,28.55
NA,NA,1933,7,1933.5,198,28.44
NA,NA,1933,8,1933.58333333333,197,27.27
NA,NA,1933,9,1933.66666666667,196,26.53
NA,NA,1933,10,1933.75,195,27.28
NA,NA,1933,11,1933.83333333333,194,26.51
NA,NA,1933,12,1933.91666666667,193,24.78
NA,NA,1934,1,1934,192,22.57
NA,NA,1934,2,1934.08333333333,191,22.72
NA,NA,1934,3,1934.16666666667,190,24.09
NA,NA,1934,4,1934.25,189,26.4
NA,NA,1934,5,1934.33333333333,188,28.36
NA,NA,1934,6,1934.41666666667,187,29.21
NA,NA,1934,7,1934.5,186,28.27
NA,NA,1934,8,1934.58333333333,185,27.04
NA,NA,1934,9,1934.66666666667,184,27.13
NA,NA,1934,10,1934.75,183,27.48
NA,NA,1934,11,1934.83333333333,182,26.17
NA,NA,1934,12,1934.91666666667,181,25.45
NA,NA,1935,1,1935,180,22.92
NA,NA,1935,2,1935.08333333333,179,22.74
NA,NA,1935,3,1935.16666666667,178,24.19
NA,NA,1935,4,1935.25,177,25.47
NA,NA,1935,5,1935.33333333333,176,27.84
NA,NA,1935,6,1935.41666666667,175,28.95
NA,NA,1935,7,1935.5,174,28.89
NA,NA,1935,8,1935.58333333333,173,27.23
NA,NA,1935,9,1935.66666666667,172,26.73
NA,NA,1935,10,1935.75,171,27.17
NA,NA,1935,11,1935.83333333333,170,26.12
NA,NA,1935,12,1935.91666666667,169,25.1
NA,NA,1936,1,1936,168,23.61
NA,NA,1936,2,1936.08333333333,167,22.97
NA,NA,1936,3,1936.16666666667,166,23.33
NA,NA,1936,4,1936.25,165,26.01
NA,NA,1936,5,1936.33333333333,164,28.48
NA,NA,1936,6,1936.41666666667,163,29.28
NA,NA,1936,7,1936.5,162,28.3
NA,NA,1936,8,1936.58333333333,161,27.25
NA,NA,1936,9,1936.66666666667,160,27.33
NA,NA,1936,10,1936.75,159,27.8
NA,NA,1936,11,1936.83333333333,158,26.63
NA,NA,1936,12,1936.91666666667,157,25.16
NA,NA,1937,1,1937,156,23.13
NA,NA,1937,2,1937.08333333333,155,23.13
NA,NA,1937,3,1937.16666666667,154,23.63
NA,NA,1937,4,1937.25,153,25.66
NA,NA,1937,5,1937.33333333333,152,27.77
NA,NA,1937,6,1937.41666666667,151,28.76
NA,NA,1937,7,1937.5,150,28.07
NA,NA,1937,8,1937.58333333333,149,26.87
NA,NA,1937,9,1937.66666666667,148,27.43
NA,NA,1937,10,1937.75,147,27.85
NA,NA,1937,11,1937.83333333333,146,26.91
NA,NA,1937,12,1937.91666666667,145,24.56
NA,NA,1938,1,1938,144,23.41
NA,NA,1938,2,1938.08333333333,143,22.79
NA,NA,1938,3,1938.16666666667,142,24.52
NA,NA,1938,4,1938.25,141,26.64
NA,NA,1938,5,1938.33333333333,140,28.27
NA,NA,1938,6,1938.41666666667,139,29.06
NA,NA,1938,7,1938.5,138,27.97
NA,NA,1938,8,1938.58333333333,137,27.54
NA,NA,1938,9,1938.66666666667,136,27.57
NA,NA,1938,10,1938.75,135,27.12
NA,NA,1938,11,1938.83333333333,134,25.94
NA,NA,1938,12,1938.91666666667,133,24.18
NA,NA,1939,1,1939,132,23.33
NA,NA,1939,2,1939.08333333333,131,23.23
NA,NA,1939,3,1939.16666666667,130,23.68
NA,NA,1939,4,1939.25,129,25.49
NA,NA,1939,5,1939.33333333333,128,26.89
NA,NA,1939,6,1939.41666666667,127,28.7
NA,NA,1939,7,1939.5,126,27.68
NA,NA,1939,8,1939.58333333333,125,27.16
NA,NA,1939,9,1939.66666666667,124,27.01
NA,NA,1939,10,1939.75,123,27.56
NA,NA,1939,11,1939.83333333333,122,26.57
NA,NA,1939,12,1939.91666666667,121,25.36
NA,NA,1940,1,1940,120,23.65
NA,NA,1940,2,1940.08333333333,119,22.94
NA,NA,1940,3,1940.16666666667,118,23.43
NA,NA,1940,4,1940.25,117,25.87
NA,NA,1940,5,1940.33333333333,116,28.02
NA,NA,1940,6,1940.41666666667,115,28.54
NA,NA,1940,7,1940.5,114,28.39
NA,NA,1940,8,1940.58333333333,113,27.37
NA,NA,1940,9,1940.66666666667,112,26.95
NA,NA,1940,10,1940.75,111,28.09
NA,NA,1940,11,1940.83333333333,110,26.86
NA,NA,1940,12,1940.91666666667,109,25.43
NA,NA,1941,1,1941,108,24.01
NA,NA,1941,2,1941.08333333333,107,24.16
NA,NA,1941,3,1941.16666666667,106,25.09
NA,NA,1941,4,1941.25,105,26.6
NA,NA,1941,5,1941.33333333333,104,28.77
NA,NA,1941,6,1941.41666666667,103,30.16
NA,NA,1941,7,1941.5,102,28.95
NA,NA,1941,8,1941.58333333333,101,27.66
NA,NA,1941,9,1941.66666666667,100,27.73
NA,NA,1941,10,1941.75,99,29.15
NA,NA,1941,11,1941.83333333333,98,27.58
NA,NA,1941,12,1941.91666666667,97,25.97
NA,NA,1942,1,1942,96,24.18
NA,NA,1942,2,1942.08333333333,95,23.88
NA,NA,1942,3,1942.16666666667,94,24.64
NA,NA,1942,4,1942.25,93,26.84
NA,NA,1942,5,1942.33333333333,92,29.09
NA,NA,1942,6,1942.41666666667,91,29.74
NA,NA,1942,7,1942.5,90,28.54
NA,NA,1942,8,1942.58333333333,89,28.16
NA,NA,1942,9,1942.66666666667,88,28.19
NA,NA,1942,10,1942.75,87,28.7
NA,NA,1942,11,1942.83333333333,86,26.95
NA,NA,1942,12,1942.91666666667,85,25.3
NA,NA,1943,1,1943,84,23.41
NA,NA,1943,2,1943.08333333333,83,23.78
NA,NA,1943,3,1943.16666666667,82,25.01
NA,NA,1943,4,1943.25,81,26.47
NA,NA,1943,5,1943.33333333333,80,28.83
NA,NA,1943,6,1943.41666666667,79,29.72
NA,NA,1943,7,1943.5,78,29.12
NA,NA,1943,8,1943.58333333333,77,27.72
NA,NA,1943,9,1943.66666666667,76,27.05
NA,NA,1943,10,1943.75,75,27.69
NA,NA,1943,11,1943.83333333333,74,26.87
NA,NA,1943,12,1943.91666666667,73,25.41
NA,NA,1944,1,1944,72,23.68
NA,NA,1944,2,1944.08333333333,71,24.04
NA,NA,1944,3,1944.16666666667,70,25.11
NA,NA,1944,4,1944.25,69,26.49
NA,NA,1944,5,1944.33333333333,68,28.33
NA,NA,1944,6,1944.41666666667,67,29.62
NA,NA,1944,7,1944.5,66,28.92
NA,NA,1944,8,1944.58333333333,65,27.02
NA,NA,1944,9,1944.66666666667,64,27.2
NA,NA,1944,10,1944.75,63,27.47
NA,NA,1944,11,1944.83333333333,62,26.29
NA,NA,1944,12,1944.91666666667,61,24.96
NA,NA,1945,1,1945,60,22.91
NA,NA,1945,2,1945.08333333333,59,23.39
NA,NA,1945,3,1945.16666666667,58,25.07
NA,NA,1945,4,1945.25,57,26.3
NA,NA,1945,5,1945.33333333333,56,27.81
NA,NA,1945,6,1945.41666666667,55,29.1
NA,NA,1945,7,1945.5,54,28.16
NA,NA,1945,8,1945.58333333333,53,27.82
NA,NA,1945,9,1945.66666666667,52,27.21
NA,NA,1945,10,1945.75,51,27.71
NA,NA,1945,11,1945.83333333333,50,27.14
NA,NA,1945,12,1945.91666666667,49,25.62
NA,NA,1946,1,1946,48,24.29
NA,NA,1946,2,1946.08333333333,47,23.36
NA,NA,1946,3,1946.16666666667,46,24.8
NA,NA,1946,4,1946.25,45,27.35
NA,NA,1946,5,1946.33333333333,44,28.35
NA,NA,1946,6,1946.41666666667,43,29.57
NA,NA,1946,7,1946.5,42,28.49
NA,NA,1946,8,1946.58333333333,41,27.13
NA,NA,1946,9,1946.66666666667,40,26.9
NA,NA,1946,10,1946.75,39,28.05
NA,NA,1946,11,1946.83333333333,38,26.65
NA,NA,1946,12,1946.91666666667,37,24.49
NA,NA,1947,1,1947,36,23.13
NA,NA,1947,2,1947.08333333333,35,23.21
NA,NA,1947,3,1947.16666666667,34,24.16
NA,NA,1947,4,1947.25,33,26.23
NA,NA,1947,5,1947.33333333333,32,28.37
NA,NA,1947,6,1947.41666666667,31,29.36
NA,NA,1947,7,1947.5,30,28.55
NA,NA,1947,8,1947.58333333333,29,27.67
NA,NA,1947,9,1947.66666666667,28,26.6
NA,NA,1947,10,1947.75,27,27.13
NA,NA,1947,11,1947.83333333333,26,26.52
NA,NA,1947,12,1947.91666666667,25,25.18
NA,NA,1948,1,1948,24,23.9
NA,NA,1948,2,1948.08333333333,23,23.41
NA,NA,1948,3,1948.16666666667,22,24.63
NA,NA,1948,4,1948.25,21,26.53
NA,NA,1948,5,1948.33333333333,20,28.5
NA,NA,1948,6,1948.41666666667,19,28.98
NA,NA,1948,7,1948.5,18,28.59
NA,NA,1948,8,1948.58333333333,17,27.2
NA,NA,1948,9,1948.66666666667,16,27.47
NA,NA,1948,10,1948.75,15,27.1
NA,NA,1948,11,1948.83333333333,14,26.55
NA,NA,1948,12,1948.91666666667,13,25.32
NA,NA,1949,1,1949,12,24.02
NA,NA,1949,2,1949.08333333333,11,23.48
NA,NA,1949,3,1949.16666666667,10,24.67
NA,NA,1949,4,1949.25,9,26.63
NA,NA,1949,5,1949.33333333333,8,28.36
NA,NA,1949,6,1949.41666666667,7,29.2
NA,NA,1949,7,1949.5,6,29
NA,NA,1949,8,1949.58333333333,5,28.03
NA,NA,1949,9,1949.66666666667,4,27.7
NA,NA,1949,10,1949.75,3,27.62
NA,NA,1949,11,1949.83333333333,2,26.05
NA,NA,1949,12,1949.91666666667,1,25.02
NA,NA,1950,1,1950,0,23.39
NA,NA,1950,2,1950.08333333333,-1,22.58
NA,NA,1950,3,1950.16666666667,-2,23.77
NA,NA,1950,4,1950.25,-3,26
NA,NA,1950,5,1950.33333333333,-4,27.85
NA,NA,1950,6,1950.41666666667,-5,28.61
NA,NA,1950,7,1950.5,-6,27.74
NA,NA,1950,8,1950.58333333333,-7,27.21
NA,NA,1950,9,1950.66666666667,-8,27.02
NA,NA,1950,10,1950.75,-9,27.69
NA,NA,1950,11,1950.83333333333,-10,25.87
NA,NA,1950,12,1950.91666666667,-11,23.67
NA,NA,1951,1,1951,-12,22.61
NA,NA,1951,2,1951.08333333333,-13,22.48
NA,NA,1951,3,1951.16666666667,-14,24.17
NA,NA,1951,4,1951.25,-15,25.43
NA,NA,1951,5,1951.33333333333,-16,27.65
NA,NA,1951,6,1951.41666666667,-17,29.5
NA,NA,1951,7,1951.5,-18,28.27
NA,NA,1951,8,1951.58333333333,-19,27.51
NA,NA,1951,9,1951.66666666667,-20,27.64
NA,NA,1951,10,1951.75,-21,27.71
NA,NA,1951,11,1951.83333333333,-22,26.88
NA,NA,1951,12,1951.91666666667,-23,25.09
NA,NA,1952,1,1952,-24,23.14
NA,NA,1952,2,1952.08333333333,-25,22.95
NA,NA,1952,3,1952.16666666667,-26,24.07
NA,NA,1952,4,1952.25,-27,26.87
NA,NA,1952,5,1952.33333333333,-28,28.43
NA,NA,1952,6,1952.41666666667,-29,29.3
NA,NA,1952,7,1952.5,-30,28.42
NA,NA,1952,8,1952.58333333333,-31,27.15
NA,NA,1952,9,1952.66666666667,-32,27.35
NA,NA,1952,10,1952.75,-33,27.32
NA,NA,1952,11,1952.83333333333,-34,26.5
NA,NA,1952,12,1952.91666666667,-35,24.62
NA,NA,1953,1,1953,-36,23.39
NA,NA,1953,2,1953.08333333333,-37,23.74
NA,NA,1953,3,1953.16666666667,-38,25.78
NA,NA,1953,4,1953.25,-39,26.23
NA,NA,1953,5,1953.33333333333,-40,27.92
NA,NA,1953,6,1953.41666666667,-41,29.12
NA,NA,1953,7,1953.5,-42,28.62
NA,NA,1953,8,1953.58333333333,-43,27.76
NA,NA,1953,9,1953.66666666667,-44,27.38
NA,NA,1953,10,1953.75,-45,27.69
NA,NA,1953,11,1953.83333333333,-46,27.07
NA,NA,1953,12,1953.91666666667,-47,25.77
NA,NA,1954,1,1954,-48,23.83
NA,NA,1954,2,1954.08333333333,-49,23.73
NA,NA,1954,3,1954.16666666667,-50,24.98
NA,NA,1954,4,1954.25,-51,26.22
NA,NA,1954,5,1954.33333333333,-52,28.01
NA,NA,1954,6,1954.41666666667,-53,28.94
NA,NA,1954,7,1954.5,-54,28.19
NA,NA,1954,8,1954.58333333333,-55,27.66
NA,NA,1954,9,1954.66666666667,-56,27.21
NA,NA,1954,10,1954.75,-57,27.27
NA,NA,1954,11,1954.83333333333,-58,26.83
NA,NA,1954,12,1954.91666666667,-59,25.03
NA,NA,1955,1,1955,-60,23.67
NA,NA,1955,2,1955.08333333333,-61,23.12
NA,NA,1955,3,1955.16666666667,-62,24.41
NA,NA,1955,4,1955.25,-63,25.83
NA,NA,1955,5,1955.33333333333,-64,27.87
NA,NA,1955,6,1955.41666666667,-65,28.96
NA,NA,1955,7,1955.5,-66,28.13
NA,NA,1955,8,1955.58333333333,-67,27.09
NA,NA,1955,9,1955.66666666667,-68,27.39
NA,NA,1955,10,1955.75,-69,27.75
NA,NA,1955,11,1955.83333333333,-70,26.31
NA,NA,1955,12,1955.91666666667,-71,24.9
NA,NA,1956,1,1956,-72,23.48
NA,NA,1956,2,1956.08333333333,-73,23.2
NA,NA,1956,3,1956.16666666667,-74,24.92
NA,NA,1956,4,1956.25,-75,26.21
NA,NA,1956,5,1956.33333333333,-76,27.84
NA,NA,1956,6,1956.41666666667,-77,28.78
NA,NA,1956,7,1956.5,-78,27.89
NA,NA,1956,8,1956.58333333333,-79,26.9
NA,NA,1956,9,1956.66666666667,-80,26.82
NA,NA,1956,10,1956.75,-81,27.29
NA,NA,1956,11,1956.83333333333,-82,26.1
NA,NA,1956,12,1956.91666666667,-83,24.84
NA,NA,1957,1,1957,-84,23.33
NA,NA,1957,2,1957.08333333333,-85,22.62
NA,NA,1957,3,1957.16666666667,-86,23.62
NA,NA,1957,4,1957.25,-87,25.41
NA,NA,1957,5,1957.33333333333,-88,27.55
NA,NA,1957,6,1957.41666666667,-89,29.34
NA,NA,1957,7,1957.5,-90,28.32
NA,NA,1957,8,1957.58333333333,-91,27.11
NA,NA,1957,9,1957.66666666667,-92,27.36
NA,NA,1957,10,1957.75,-93,27.7
NA,NA,1957,11,1957.83333333333,-94,26.89
NA,NA,1957,12,1957.91666666667,-95,25.43
NA,NA,1958,1,1958,-96,24.48
NA,NA,1958,2,1958.08333333333,-97,23.83
NA,NA,1958,3,1958.16666666667,-98,24.88
NA,NA,1958,4,1958.25,-99,26.79
NA,NA,1958,5,1958.33333333333,-100,28.6
NA,NA,1958,6,1958.41666666667,-101,29.62
NA,NA,1958,7,1958.5,-102,28.71
NA,NA,1958,8,1958.58333333333,-103,28.08
NA,NA,1958,9,1958.66666666667,-104,27.56
NA,NA,1958,10,1958.75,-105,27.21
NA,NA,1958,11,1958.83333333333,-106,26.38
NA,NA,1958,12,1958.91666666667,-107,25.27
NA,NA,1959,1,1959,-108,23.73
NA,NA,1959,2,1959.08333333333,-109,23.58
NA,NA,1959,3,1959.16666666667,-110,24.78
NA,NA,1959,4,1959.25,-111,27.34
NA,NA,1959,5,1959.33333333333,-112,28.78
NA,NA,1959,6,1959.41666666667,-113,29.21
NA,NA,1959,7,1959.5,-114,28.66
NA,NA,1959,8,1959.58333333333,-115,27.52
NA,NA,1959,9,1959.66666666667,-116,27.16
NA,NA,1959,10,1959.75,-117,27.41
NA,NA,1959,11,1959.83333333333,-118,26.32
NA,NA,1959,12,1959.91666666667,-119,24.94
NA,NA,1960,1,1960,-120,23.63
NA,NA,1960,2,1960.08333333333,-121,23.88
NA,NA,1960,3,1960.16666666667,-122,24.7
NA,NA,1960,4,1960.25,-123,26.39
NA,NA,1960,5,1960.33333333333,-124,27.85
NA,NA,1960,6,1960.41666666667,-125,29.6
NA,NA,1960,7,1960.5,-126,28.98
NA,NA,1960,8,1960.58333333333,-127,27.77
NA,NA,1960,9,1960.66666666667,-128,27.48
NA,NA,1960,10,1960.75,-129,27.69
NA,NA,1960,11,1960.83333333333,-130,26.91
NA,NA,1960,12,1960.91666666667,-131,25.34
NA,NA,1961,1,1961,-132,23.75
NA,NA,1961,2,1961.08333333333,-133,23.93
NA,NA,1961,3,1961.16666666667,-134,24.81
NA,NA,1961,4,1961.25,-135,26.25
NA,NA,1961,5,1961.33333333333,-136,28.65
NA,NA,1961,6,1961.41666666667,-137,29.25
NA,NA,1961,7,1961.5,-138,28.71
NA,NA,1961,8,1961.58333333333,-139,28.38
NA,NA,1961,9,1961.66666666667,-140,27.8
NA,NA,1961,10,1961.75,-141,27.63
NA,NA,1961,11,1961.83333333333,-142,26.44
NA,NA,1961,12,1961.91666666667,-143,24.95
NA,NA,1962,1,1962,-144,23.08
NA,NA,1962,2,1962.08333333333,-145,23.16
NA,NA,1962,3,1962.16666666667,-146,24.64
NA,NA,1962,4,1962.25,-147,26.3
NA,NA,1962,5,1962.33333333333,-148,28.27
NA,NA,1962,6,1962.41666666667,-149,29.5
NA,NA,1962,7,1962.5,-150,28.87
NA,NA,1962,8,1962.58333333333,-151,27.61
NA,NA,1962,9,1962.66666666667,-152,27.78
NA,NA,1962,10,1962.75,-153,27.72
NA,NA,1962,11,1962.83333333333,-154,26.59
NA,NA,1962,12,1962.91666666667,-155,24.9
NA,NA,1963,1,1963,-156,23.55
NA,NA,1963,2,1963.08333333333,-157,24.11
NA,NA,1963,3,1963.16666666667,-158,25.2
NA,NA,1963,4,1963.25,-159,26.61
NA,NA,1963,5,1963.33333333333,-160,28.39
NA,NA,1963,6,1963.41666666667,-161,29.07
NA,NA,1963,7,1963.5,-162,28.49
NA,NA,1963,8,1963.58333333333,-163,27.88
NA,NA,1963,9,1963.66666666667,-164,27.65
NA,NA,1963,10,1963.75,-165,27.91
NA,NA,1963,11,1963.83333333333,-166,26.97
NA,NA,1963,12,1963.91666666667,-167,25.61
NA,NA,1964,1,1964,-168,23.49
NA,NA,1964,2,1964.08333333333,-169,22.93
NA,NA,1964,3,1964.16666666667,-170,24.84
NA,NA,1964,4,1964.25,-171,26.44
NA,NA,1964,5,1964.33333333333,-172,28.69
NA,NA,1964,6,1964.41666666667,-173,29.43
NA,NA,1964,7,1964.5,-174,28.97
NA,NA,1964,8,1964.58333333333,-175,27.96
NA,NA,1964,9,1964.66666666667,-176,28.04
NA,NA,1964,10,1964.75,-177,27.49
NA,NA,1964,11,1964.83333333333,-178,26.34
NA,NA,1964,12,1964.91666666667,-179,24.42
NA,NA,1965,1,1965,-180,23.81
NA,NA,1965,2,1965.08333333333,-181,24.01
NA,NA,1965,3,1965.16666666667,-182,24.52
NA,NA,1965,4,1965.25,-183,25.69
NA,NA,1965,5,1965.33333333333,-184,27.54
NA,NA,1965,6,1965.41666666667,-185,29
NA,NA,1965,7,1965.5,-186,28.41
NA,NA,1965,8,1965.58333333333,-187,27.72
NA,NA,1965,9,1965.66666666667,-188,27.7
NA,NA,1965,10,1965.75,-189,28.47
NA,NA,1965,11,1965.83333333333,-190,27.36
NA,NA,1965,12,1965.91666666667,-191,25.1
NA,NA,1966,1,1966,-192,23.64
NA,NA,1966,2,1966.08333333333,-193,23.87
NA,NA,1966,3,1966.16666666667,-194,24.5
NA,NA,1966,4,1966.25,-195,25.98
NA,NA,1966,5,1966.33333333333,-196,28.03
NA,NA,1966,6,1966.41666666667,-197,29.13
NA,NA,1966,7,1966.5,-198,28.82
NA,NA,1966,8,1966.58333333333,-199,27.82
NA,NA,1966,9,1966.66666666667,-200,27.49
NA,NA,1966,10,1966.75,-201,28.4
NA,NA,1966,11,1966.83333333333,-202,26.35
NA,NA,1966,12,1966.91666666667,-203,24.58
NA,NA,1967,1,1967,-204,23
NA,NA,1967,2,1967.08333333333,-205,23.39
NA,NA,1967,3,1967.16666666667,-206,24.83
NA,NA,1967,4,1967.25,-207,26.29
NA,NA,1967,5,1967.33333333333,-208,28.26
NA,NA,1967,6,1967.41666666667,-209,29.05
NA,NA,1967,7,1967.5,-210,28.86
NA,NA,1967,8,1967.58333333333,-211,27.66
NA,NA,1967,9,1967.66666666667,-212,27.68
NA,NA,1967,10,1967.75,-213,28.01
NA,NA,1967,11,1967.83333333333,-214,26.96
NA,NA,1967,12,1967.91666666667,-215,25.08
NA,NA,1968,1,1968,-216,23.38
NA,NA,1968,2,1968.08333333333,-217,22.7
NA,NA,1968,3,1968.16666666667,-218,24.12
NA,NA,1968,4,1968.25,-219,25.76
NA,NA,1968,5,1968.33333333333,-220,27.36
NA,NA,1968,6,1968.41666666667,-221,29.1
NA,NA,1968,7,1968.5,-222,28.82
NA,NA,1968,8,1968.58333333333,-223,27.11
NA,NA,1968,9,1968.66666666667,-224,27.54
NA,NA,1968,10,1968.75,-225,28.1
NA,NA,1968,11,1968.83333333333,-226,26.87
NA,NA,1968,12,1968.91666666667,-227,25.35
NA,NA,1969,1,1969,-228,23.58
NA,NA,1969,2,1969.08333333333,-229,23.16
NA,NA,1969,3,1969.16666666667,-230,24.67
NA,NA,1969,4,1969.25,-231,26.98
NA,NA,1969,5,1969.33333333333,-232,28.47
NA,NA,1969,6,1969.41666666667,-233,29.35
NA,NA,1969,7,1969.5,-234,28.63
NA,NA,1969,8,1969.58333333333,-235,27.36
NA,NA,1969,9,1969.66666666667,-236,27.44
NA,NA,1969,10,1969.75,-237,27.93
NA,NA,1969,11,1969.83333333333,-238,27.52
NA,NA,1969,12,1969.91666666667,-239,25.78
NA,NA,1970,1,1970,-240,24.6
NA,NA,1970,2,1970.08333333333,-241,24.12
NA,NA,1970,3,1970.16666666667,-242,24.89
NA,NA,1970,4,1970.25,-243,27.19
NA,NA,1970,5,1970.33333333333,-244,28.75
NA,NA,1970,6,1970.41666666667,-245,29.45
NA,NA,1970,7,1970.5,-246,28.86
NA,NA,1970,8,1970.58333333333,-247,27.94
NA,NA,1970,9,1970.66666666667,-248,27.23
NA,NA,1970,10,1970.75,-249,27.99
NA,NA,1970,11,1970.83333333333,-250,26.87
NA,NA,1970,12,1970.91666666667,-251,25.37
NA,NA,1971,1,1971,-252,23.86
NA,NA,1971,2,1971.08333333333,-253,23.43
NA,NA,1971,3,1971.16666666667,-254,24.67
NA,NA,1971,4,1971.25,-255,26.98
NA,NA,1971,5,1971.33333333333,-256,28.32
NA,NA,1971,6,1971.41666666667,-257,28.69
NA,NA,1971,7,1971.5,-258,28.25
NA,NA,1971,8,1971.58333333333,-259,27.56
NA,NA,1971,9,1971.66666666667,-260,27.12
NA,NA,1971,10,1971.75,-261,27.31
NA,NA,1971,11,1971.83333333333,-262,26.4
NA,NA,1971,12,1971.91666666667,-263,25.3
NA,NA,1972,1,1972,-264,24.26
NA,NA,1972,2,1972.08333333333,-265,23.11
NA,NA,1972,3,1972.16666666667,-266,24.24
NA,NA,1972,4,1972.25,-267,25.91
NA,NA,1972,5,1972.33333333333,-268,27.81
NA,NA,1972,6,1972.41666666667,-269,29.41
NA,NA,1972,7,1972.5,-270,28.84
NA,NA,1972,8,1972.58333333333,-271,27.82
NA,NA,1972,9,1972.66666666667,-272,27.98
NA,NA,1972,10,1972.75,-273,27.93
NA,NA,1972,11,1972.83333333333,-274,26.93
NA,NA,1972,12,1972.91666666667,-275,25.51
NA,NA,1973,1,1973,-276,23.35
NA,NA,1973,2,1973.08333333333,-277,23.2
NA,NA,1973,3,1973.16666666667,-278,24.23
NA,NA,1973,4,1973.25,-279,26.67
NA,NA,1973,5,1973.33333333333,-280,28.56
NA,NA,1973,6,1973.41666666667,-281,29.17
NA,NA,1973,7,1973.5,-282,28.6
NA,NA,1973,8,1973.58333333333,-283,27.73
NA,NA,1973,9,1973.66666666667,-284,27.1
NA,NA,1973,10,1973.75,-285,27.79
NA,NA,1973,11,1973.83333333333,-286,26.6
NA,NA,1973,12,1973.91666666667,-287,25.13
NA,NA,1974,1,1974,-288,23.73
NA,NA,1974,2,1974.08333333333,-289,23.4
NA,NA,1974,3,1974.16666666667,-290,24.8
NA,NA,1974,4,1974.25,-291,26.56
NA,NA,1974,5,1974.33333333333,-292,28.11
NA,NA,1974,6,1974.41666666667,-293,28.97
NA,NA,1974,7,1974.5,-294,28.67
NA,NA,1974,8,1974.58333333333,-295,27.56
NA,NA,1974,9,1974.66666666667,-296,27.29
NA,NA,1974,10,1974.75,-297,27.7
NA,NA,1974,11,1974.83333333333,-298,26.51
NA,NA,1974,12,1974.91666666667,-299,24.94
NA,NA,1975,1,1975,-300,23.07
NA,NA,1975,2,1975.08333333333,-301,23.03
NA,NA,1975,3,1975.16666666667,-302,23.74
NA,NA,1975,4,1975.25,-303,25.06
NA,NA,1975,5,1975.33333333333,-304,27.79
NA,NA,1975,6,1975.41666666667,-305,28.2
NA,NA,1975,7,1975.5,-306,28.23
NA,NA,1975,8,1975.58333333333,-307,27.91
NA,NA,1975,9,1975.66666666667,-308,27.42
NA,NA,1975,10,1975.75,-309,27.39
NA,NA,1975,11,1975.83333333333,-310,26.06
NA,NA,1975,12,1975.91666666667,-311,24.74
NA,NA,1976,1,1976,-312,23.88
NA,NA,1976,2,1976.08333333333,-313,23.7
NA,NA,1976,3,1976.16666666667,-314,24.34
NA,NA,1976,4,1976.25,-315,26.06
NA,NA,1976,5,1976.33333333333,-316,27.9
NA,NA,1976,6,1976.41666666667,-317,28.95
NA,NA,1976,7,1976.5,-318,29.08
NA,NA,1976,8,1976.58333333333,-319,27.31
NA,NA,1976,9,1976.66666666667,-320,27.47
NA,NA,1976,10,1976.75,-321,28.02
NA,NA,1976,11,1976.83333333333,-322,27.27
NA,NA,1976,12,1976.91666666667,-323,25.54
NA,NA,1977,1,1977,-324,24.24
NA,NA,1977,2,1977.08333333333,-325,23.8
NA,NA,1977,3,1977.16666666667,-326,25.43
NA,NA,1977,4,1977.25,-327,27.26
NA,NA,1977,5,1977.33333333333,-328,28.59
NA,NA,1977,6,1977.41666666667,-329,28.91
NA,NA,1977,7,1977.5,-330,28.46
NA,NA,1977,8,1977.58333333333,-331,27.49
NA,NA,1977,9,1977.66666666667,-332,27.79
NA,NA,1977,10,1977.75,-333,28.68
NA,NA,1977,11,1977.83333333333,-334,27.78
NA,NA,1977,12,1977.91666666667,-335,25.95
NA,NA,1978,1,1978,-336,24.61
NA,NA,1978,2,1978.08333333333,-337,23.56
NA,NA,1978,3,1978.16666666667,-338,24.17
NA,NA,1978,4,1978.25,-339,26.5
NA,NA,1978,5,1978.33333333333,-340,28.53
NA,NA,1978,6,1978.41666666667,-341,29.19
NA,NA,1978,7,1978.5,-342,28.59
NA,NA,1978,8,1978.58333333333,-343,27.1
NA,NA,1978,9,1978.66666666667,-344,27.27
NA,NA,1978,10,1978.75,-345,28.06
NA,NA,1978,11,1978.83333333333,-346,26.59
NA,NA,1978,12,1978.91666666667,-347,25.07
NA,NA,1979,1,1979,-348,23.79
NA,NA,1979,2,1979.08333333333,-349,23.33
NA,NA,1979,3,1979.16666666667,-350,24.18
NA,NA,1979,4,1979.25,-351,26.35
NA,NA,1979,5,1979.33333333333,-352,28.02
NA,NA,1979,6,1979.41666666667,-353,29.4
NA,NA,1979,7,1979.5,-354,28.59
NA,NA,1979,8,1979.58333333333,-355,27.31
NA,NA,1979,9,1979.66666666667,-356,27.56
NA,NA,1979,10,1979.75,-357,28.13
NA,NA,1979,11,1979.83333333333,-358,27.82
NA,NA,1979,12,1979.91666666667,-359,25.97
NA,NA,1980,1,1980,-360,24.27
NA,NA,1980,2,1980.08333333333,-361,23.64
NA,NA,1980,3,1980.16666666667,-362,24.87
NA,NA,1980,4,1980.25,-363,27.24
NA,NA,1980,5,1980.33333333333,-364,29.01
NA,NA,1980,6,1980.41666666667,-365,29.88
NA,NA,1980,7,1980.5,-366,28.63
NA,NA,1980,8,1980.58333333333,-367,27.67
NA,NA,1980,9,1980.66666666667,-368,27.72
NA,NA,1980,10,1980.75,-369,28.52
NA,NA,1980,11,1980.83333333333,-370,27.04
NA,NA,1980,12,1980.91666666667,-371,25.29
NA,NA,1981,1,1981,-372,23.92
NA,NA,1981,2,1981.08333333333,-373,23.81
NA,NA,1981,3,1981.16666666667,-374,25.19
NA,NA,1981,4,1981.25,-375,26.8
NA,NA,1981,5,1981.33333333333,-376,28.55
NA,NA,1981,6,1981.41666666667,-377,29.38
NA,NA,1981,7,1981.5,-378,28.74
NA,NA,1981,8,1981.58333333333,-379,27.4
NA,NA,1981,9,1981.66666666667,-380,27.88
NA,NA,1981,10,1981.75,-381,28.22
NA,NA,1981,11,1981.83333333333,-382,26.29
NA,NA,1981,12,1981.91666666667,-383,24.67
NA,NA,1982,1,1982,-384,23.92
NA,NA,1982,2,1982.08333333333,-385,23.57
NA,NA,1982,3,1982.16666666667,-386,24.09
NA,NA,1982,4,1982.25,-387,26.24
NA,NA,1982,5,1982.33333333333,-388,27.94
NA,NA,1982,6,1982.41666666667,-389,29.51
NA,NA,1982,7,1982.5,-390,29.18
NA,NA,1982,8,1982.58333333333,-391,27.89
NA,NA,1982,9,1982.66666666667,-392,28.02
NA,NA,1982,10,1982.75,-393,28.83
NA,NA,1982,11,1982.83333333333,-394,26.83
NA,NA,1982,12,1982.91666666667,-395,25.13
NA,NA,1983,1,1983,-396,23.87
NA,NA,1983,2,1983.08333333333,-397,22.77
NA,NA,1983,3,1983.16666666667,-398,23.75
NA,NA,1983,4,1983.25,-399,25.15
NA,NA,1983,5,1983.33333333333,-400,27.78
NA,NA,1983,6,1983.41666666667,-401,29.23
NA,NA,1983,7,1983.5,-402,28.97
NA,NA,1983,8,1983.58333333333,-403,27.82
NA,NA,1983,9,1983.66666666667,-404,28.13
NA,NA,1983,10,1983.75,-405,28.13
NA,NA,1983,11,1983.83333333333,-406,26.74
NA,NA,1983,12,1983.91666666667,-407,25.14
NA,NA,1984,1,1984,-408,23.23
NA,NA,1984,2,1984.08333333333,-409,22.62
NA,NA,1984,3,1984.16666666667,-410,24.52
NA,NA,1984,4,1984.25,-411,27.16
NA,NA,1984,5,1984.33333333333,-412,28.47
NA,NA,1984,6,1984.41666666667,-413,28.86
NA,NA,1984,7,1984.5,-414,27.87
NA,NA,1984,8,1984.58333333333,-415,27.41
NA,NA,1984,9,1984.66666666667,-416,26.74
NA,NA,1984,10,1984.75,-417,27.31
NA,NA,1984,11,1984.83333333333,-418,26.37
NA,NA,1984,12,1984.91666666667,-419,24.93
NA,NA,1985,1,1985,-420,23.52
NA,NA,1985,2,1985.08333333333,-421,23.5
NA,NA,1985,3,1985.16666666667,-422,24.73
NA,NA,1985,4,1985.25,-423,26.62
NA,NA,1985,5,1985.33333333333,-424,28.21
NA,NA,1985,6,1985.41666666667,-425,29.21
NA,NA,1985,7,1985.5,-426,27.89
NA,NA,1985,8,1985.58333333333,-427,27.07
NA,NA,1985,9,1985.66666666667,-428,27.56
NA,NA,1985,10,1985.75,-429,27.74
NA,NA,1985,11,1985.83333333333,-430,26.55
NA,NA,1985,12,1985.91666666667,-431,25.13
NA,NA,1986,1,1986,-432,23.71
NA,NA,1986,2,1986.08333333333,-433,23.46
NA,NA,1986,3,1986.16666666667,-434,24.79
NA,NA,1986,4,1986.25,-435,26.57
NA,NA,1986,5,1986.33333333333,-436,28.64
NA,NA,1986,6,1986.41666666667,-437,29.69
NA,NA,1986,7,1986.5,-438,28.6
NA,NA,1986,8,1986.58333333333,-439,27.24
NA,NA,1986,9,1986.66666666667,-440,27.35
NA,NA,1986,10,1986.75,-441,27.41
NA,NA,1986,11,1986.83333333333,-442,26.88
NA,NA,1986,12,1986.91666666667,-443,24.85
NA,NA,1987,1,1987,-444,23.37
NA,NA,1987,2,1987.08333333333,-445,23.59
NA,NA,1987,3,1987.16666666667,-446,24.82
NA,NA,1987,4,1987.25,-447,26.44
NA,NA,1987,5,1987.33333333333,-448,28.77
NA,NA,1987,6,1987.41666666667,-449,29.62
NA,NA,1987,7,1987.5,-450,29.38
NA,NA,1987,8,1987.58333333333,-451,28.21
NA,NA,1987,9,1987.66666666667,-452,28.17
NA,NA,1987,10,1987.75,-453,28.48
NA,NA,1987,11,1987.83333333333,-454,26.98
NA,NA,1987,12,1987.91666666667,-455,25.76
NA,NA,1988,1,1988,-456,24.93
NA,NA,1988,2,1988.08333333333,-457,24.4
NA,NA,1988,3,1988.16666666667,-458,25.17
NA,NA,1988,4,1988.25,-459,27.16
NA,NA,1988,5,1988.33333333333,-460,28.82
NA,NA,1988,6,1988.41666666667,-461,29.54
NA,NA,1988,7,1988.5,-462,29.41
NA,NA,1988,8,1988.58333333333,-463,28.39
NA,NA,1988,9,1988.66666666667,-464,28.6
NA,NA,1988,10,1988.75,-465,28.25
NA,NA,1988,11,1988.83333333333,-466,27.76
NA,NA,1988,12,1988.91666666667,-467,26.09
NA,NA,1989,1,1989,-468,23.97
NA,NA,1989,2,1989.08333333333,-469,23.83
NA,NA,1989,3,1989.16666666667,-470,24.54
NA,NA,1989,4,1989.25,-471,26.15
NA,NA,1989,5,1989.33333333333,-472,28.05
NA,NA,1989,6,1989.41666666667,-473,29.44
NA,NA,1989,7,1989.5,-474,28.49
NA,NA,1989,8,1989.58333333333,-475,27.56
NA,NA,1989,9,1989.66666666667,-476,27.51
NA,NA,1989,10,1989.75,-477,28.15
NA,NA,1989,11,1989.83333333333,-478,27.41
NA,NA,1989,12,1989.91666666667,-479,25.76
NA,NA,1990,1,1990,-480,23.95
NA,NA,1990,2,1990.08333333333,-481,24.16
NA,NA,1990,3,1990.16666666667,-482,24.83
NA,NA,1990,4,1990.25,-483,26.02
NA,NA,1990,5,1990.33333333333,-484,28.85
NA,NA,1990,6,1990.41666666667,-485,29.36
NA,NA,1990,7,1990.5,-486,28.25
NA,NA,1990,8,1990.58333333333,-487,27.67
NA,NA,1990,9,1990.66666666667,-488,27.77
NA,NA,1990,10,1990.75,-489,28.08
NA,NA,1990,11,1990.83333333333,-490,27.05
NA,NA,1990,12,1990.91666666667,-491,25.64
NA,NA,1991,1,1991,-492,23.91
NA,NA,1991,2,1991.08333333333,-493,23.15
NA,NA,1991,3,1991.16666666667,-494,24.49
NA,NA,1991,4,1991.25,-495,26.72
NA,NA,1991,5,1991.33333333333,-496,27.89
NA,NA,1991,6,1991.41666666667,-497,28.89
NA,NA,1991,7,1991.5,-498,28.17
NA,NA,1991,8,1991.58333333333,-499,27.18
NA,NA,1991,9,1991.66666666667,-500,27.11
NA,NA,1991,10,1991.75,-501,27.66
NA,NA,1991,11,1991.83333333333,-502,26.61
NA,NA,1991,12,1991.91666666667,-503,24.94
NA,NA,1992,1,1992,-504,23.69
NA,NA,1992,2,1992.08333333333,-505,23.64
NA,NA,1992,3,1992.16666666667,-506,24.38
NA,NA,1992,4,1992.25,-507,25.54
NA,NA,1992,5,1992.33333333333,-508,28.26
NA,NA,1992,6,1992.41666666667,-509,29.66
NA,NA,1992,7,1992.5,-510,28.86
NA,NA,1992,8,1992.58333333333,-511,28.29
NA,NA,1992,9,1992.66666666667,-512,27.98
NA,NA,1992,10,1992.75,-513,28.24
NA,NA,1992,11,1992.83333333333,-514,27.38
NA,NA,1992,12,1992.91666666667,-515,25.78
NA,NA,1993,1,1993,-516,24.48
NA,NA,1993,2,1993.08333333333,-517,24.09
NA,NA,1993,3,1993.16666666667,-518,24.42
NA,NA,1993,4,1993.25,-519,26.52
NA,NA,1993,5,1993.33333333333,-520,28.58
NA,NA,1993,6,1993.41666666667,-521,29.66
NA,NA,1993,7,1993.5,-522,29.43
NA,NA,1993,8,1993.58333333333,-523,28.4
NA,NA,1993,9,1993.66666666667,-524,27.97
NA,NA,1993,10,1993.75,-525,27.94
NA,NA,1993,11,1993.83333333333,-526,26.82
NA,NA,1993,12,1993.91666666667,-527,25.64
NA,NA,1994,1,1994,-528,24.62
NA,NA,1994,2,1994.08333333333,-529,23.92
NA,NA,1994,3,1994.16666666667,-530,25.06
NA,NA,1994,4,1994.25,-531,27.14
NA,NA,1994,5,1994.33333333333,-532,28.76
NA,NA,1994,6,1994.41666666667,-533,29.53
NA,NA,1994,7,1994.5,-534,28.56
NA,NA,1994,8,1994.58333333333,-535,27.62
NA,NA,1994,9,1994.66666666667,-536,27.79
NA,NA,1994,10,1994.75,-537,28.24
NA,NA,1994,11,1994.83333333333,-538,27.58
NA,NA,1994,12,1994.91666666667,-539,25.65
NA,NA,1995,1,1995,-540,23.63
NA,NA,1995,2,1995.08333333333,-541,24.17
NA,NA,1995,3,1995.16666666667,-542,24.42
NA,NA,1995,4,1995.25,-543,26.32
NA,NA,1995,5,1995.33333333333,-544,28.06
NA,NA,1995,6,1995.41666666667,-545,29.93
NA,NA,1995,7,1995.5,-546,28.43
NA,NA,1995,8,1995.58333333333,-547,28.11
NA,NA,1995,9,1995.66666666667,-548,28.25
NA,NA,1995,10,1995.75,-549,28.16
NA,NA,1995,11,1995.83333333333,-550,26.87
NA,NA,1995,12,1995.91666666667,-551,25.38
NA,NA,1996,1,1996,-552,23.92
NA,NA,1996,2,1996.08333333333,-553,23.6
NA,NA,1996,3,1996.16666666667,-554,24.73
NA,NA,1996,4,1996.25,-555,26.85
NA,NA,1996,5,1996.33333333333,-556,28.37
NA,NA,1996,6,1996.41666666667,-557,29.58
NA,NA,1996,7,1996.5,-558,28.28
NA,NA,1996,8,1996.58333333333,-559,26.91
NA,NA,1996,9,1996.66666666667,-560,27.29
NA,NA,1996,10,1996.75,-561,27.32
NA,NA,1996,11,1996.83333333333,-562,26.1
NA,NA,1996,12,1996.91666666667,-563,24.55
NA,NA,1997,1,1997,-564,23.54
NA,NA,1997,2,1997.08333333333,-565,23.27
NA,NA,1997,3,1997.16666666667,-566,24.52
NA,NA,1997,4,1997.25,-567,26.24
NA,NA,1997,5,1997.33333333333,-568,27.96
NA,NA,1997,6,1997.41666666667,-569,29.76
NA,NA,1997,7,1997.5,-570,29.07
NA,NA,1997,8,1997.58333333333,-571,28.01
NA,NA,1997,9,1997.66666666667,-572,28.1
NA,NA,1997,10,1997.75,-573,28.63
NA,NA,1997,11,1997.83333333333,-574,27.47
NA,NA,1997,12,1997.91666666667,-575,26
NA,NA,1998,1,1998,-576,24.46
NA,NA,1998,2,1998.08333333333,-577,23.95
NA,NA,1998,3,1998.16666666667,-578,24.51
NA,NA,1998,4,1998.25,-579,27.01
NA,NA,1998,5,1998.33333333333,-580,28.93
NA,NA,1998,6,1998.41666666667,-581,29.92
NA,NA,1998,7,1998.5,-582,29.04
NA,NA,1998,8,1998.58333333333,-583,28.72
NA,NA,1998,9,1998.66666666667,-584,28.59
NA,NA,1998,10,1998.75,-585,28.12
NA,NA,1998,11,1998.83333333333,-586,27.09
NA,NA,1998,12,1998.91666666667,-587,26.06
NA,NA,1999,1,1999,-588,24.36
NA,NA,1999,2,1999.08333333333,-589,23.67
NA,NA,1999,3,1999.16666666667,-590,25.29
NA,NA,1999,4,1999.25,-591,26.85
NA,NA,1999,5,1999.33333333333,-592,28.56
NA,NA,1999,6,1999.41666666667,-593,29.74
NA,NA,1999,7,1999.5,-594,28.88
NA,NA,1999,8,1999.58333333333,-595,27.53
NA,NA,1999,9,1999.66666666667,-596,27.64
NA,NA,1999,10,1999.75,-597,28.41
NA,NA,1999,11,1999.83333333333,-598,27.19
NA,NA,1999,12,1999.91666666667,-599,25.56
NA,NA,2000,1,2000,-600,24.22
NA,NA,2000,2,2000.08333333333,-601,23.5
NA,NA,2000,3,2000.16666666667,-602,24.49
NA,NA,2000,4,2000.25,-603,26.69
NA,NA,2000,5,2000.33333333333,-604,28.71
NA,NA,2000,6,2000.41666666667,-605,29.61
NA,NA,2000,7,2000.5,-606,28.65
NA,NA,2000,8,2000.58333333333,-607,27.71
NA,NA,2000,9,2000.66666666667,-608,27.72
NA,NA,2000,10,2000.75,-609,28.79
NA,NA,2000,11,2000.83333333333,-610,27.47
NA,NA,2000,12,2000.91666666667,-611,25.5
NA,NA,2001,1,2001,-612,23.86
NA,NA,2001,2,2001.08333333333,-613,23.96
NA,NA,2001,3,2001.16666666667,-614,24.92
NA,NA,2001,4,2001.25,-615,26.35
NA,NA,2001,5,2001.33333333333,-616,28.69
NA,NA,2001,6,2001.41666666667,-617,29.42
NA,NA,2001,7,2001.5,-618,28.68
NA,NA,2001,8,2001.58333333333,-619,28.21
NA,NA,2001,9,2001.66666666667,-620,28.09
NA,NA,2001,10,2001.75,-621,28.55
NA,NA,2001,11,2001.83333333333,-622,27.82
NA,NA,2001,12,2001.91666666667,-623,26.64
NA,NA,2002,1,2002,-624,24.72
NA,NA,2002,2,2002.08333333333,-625,23.91
NA,NA,2002,3,2002.16666666667,-626,25.15
NA,NA,2002,4,2002.25,-627,27.04
NA,NA,2002,5,2002.33333333333,-628,29.05
NA,NA,2002,6,2002.41666666667,-629,29.67
NA,NA,2002,7,2002.5,-630,28.58
NA,NA,2002,8,2002.58333333333,-631,27.75
NA,NA,2002,9,2002.66666666667,-632,27.34
NA,NA,2002,10,2002.75,-633,28.32
NA,NA,2002,11,2002.83333333333,-634,27.4
NA,NA,2002,12,2002.91666666667,-635,25.67
NA,NA,2003,1,2003,-636,23.86
NA,NA,2003,2,2003.08333333333,-637,24.09
NA,NA,2003,3,2003.16666666667,-638,25.1
NA,NA,2003,4,2003.25,-639,26.97
NA,NA,2003,5,2003.33333333333,-640,29.16
NA,NA,2003,6,2003.41666666667,-641,30.35
NA,NA,2003,7,2003.5,-642,29.56
NA,NA,2003,8,2003.58333333333,-643,28.67
NA,NA,2003,9,2003.66666666667,-644,27.89
NA,NA,2003,10,2003.75,-645,28.04
NA,NA,2003,11,2003.83333333333,-646,27.3
NA,NA,2003,12,2003.91666666667,-647,25.38
NA,NA,2004,1,2004,-648,23.76
NA,NA,2004,2,2004.08333333333,-649,23.72
NA,NA,2004,3,2004.16666666667,-650,25.41
NA,NA,2004,4,2004.25,-651,26.87
NA,NA,2004,5,2004.33333333333,-652,28.69
NA,NA,2004,6,2004.41666666667,-653,29.2
NA,NA,2004,7,2004.5,-654,28.62
NA,NA,2004,8,2004.58333333333,-655,28.21
NA,NA,2004,9,2004.66666666667,-656,28.12
NA,NA,2004,10,2004.75,-657,27.79
NA,NA,2004,11,2004.83333333333,-658,27.28
NA,NA,2004,12,2004.91666666667,-659,25.97
NA,NA,2005,1,2005,-660,24.28
NA,NA,2005,2,2005.08333333333,-661,23.69
NA,NA,2005,3,2005.16666666667,-662,24.51
NA,NA,2005,4,2005.25,-663,26.65
NA,NA,2005,5,2005.33333333333,-664,29.07
NA,NA,2005,6,2005.41666666667,-665,30.14
NA,NA,2005,7,2005.5,-666,29.22
NA,NA,2005,8,2005.58333333333,-667,27.53
NA,NA,2005,9,2005.66666666667,-668,27.59
NA,NA,2005,10,2005.75,-669,28.18
NA,NA,2005,11,2005.83333333333,-670,27.25
NA,NA,2005,12,2005.91666666667,-671,25.21
NA,NA,2006,1,2006,-672,23.87
NA,NA,2006,2,2006.08333333333,-673,24.23
NA,NA,2006,3,2006.16666666667,-674,25.03
NA,NA,2006,4,2006.25,-675,26.97
NA,NA,2006,5,2006.33333333333,-676,28.6
NA,NA,2006,6,2006.41666666667,-677,29.65
NA,NA,2006,7,2006.5,-678,29.22
NA,NA,2006,8,2006.58333333333,-679,27.96
NA,NA,2006,9,2006.66666666667,-680,27.84
NA,NA,2006,10,2006.75,-681,28.75
NA,NA,2006,11,2006.83333333333,-682,27.85
NA,NA,2006,12,2006.91666666667,-683,25.2
NA,NA,2007,1,2007,-684,24.41
NA,NA,2007,2,2007.08333333333,-685,24.26
NA,NA,2007,3,2007.16666666667,-686,25.07
NA,NA,2007,4,2007.25,-687,27.17
NA,NA,2007,5,2007.33333333333,-688,29.16
NA,NA,2007,6,2007.41666666667,-689,29.72
NA,NA,2007,7,2007.5,-690,29.34
NA,NA,2007,8,2007.58333333333,-691,28.71
NA,NA,2007,9,2007.66666666667,-692,28.39
NA,NA,2007,10,2007.75,-693,28.4
NA,NA,2007,11,2007.83333333333,-694,27.44
NA,NA,2007,12,2007.91666666667,-695,25.81
NA,NA,2008,1,2008,-696,23.82
NA,NA,2008,2,2008.08333333333,-697,23.01
NA,NA,2008,3,2008.16666666667,-698,24.99
NA,NA,2008,4,2008.25,-699,26.74
NA,NA,2008,5,2008.33333333333,-700,29.09
NA,NA,2008,6,2008.41666666667,-701,29.67
NA,NA,2008,7,2008.5,-702,29
NA,NA,2008,8,2008.58333333333,-703,27.93
NA,NA,2008,9,2008.66666666667,-704,27.73
NA,NA,2008,10,2008.75,-705,28.14
NA,NA,2008,11,2008.83333333333,-706,27.17
NA,NA,2008,12,2008.91666666667,-707,25.8
